ChIJ81UpNRKjfDURdddXZKJUDgo,010-7919-2977
ChIJyXRoIOiYfDURu-atzM-dCAU,02-323-2979
ChIJedlDzuWifDURBaOCaa5hkL4,070-4148-4242
ChIJwQNTxuaifDURXAakDFO-Vfo,010-3456-1626
ChIJnaM1SRSjfDURI-hkJyc-FVk,070-4154-1464
ChIJKUZttxOffDURcTAmJxi5kwM,010-5162-6688
ChIJY51pdgiffDURUiqFhpXuJhs,02-833-3773
ChIJLdBQmOSifDURYxmR7y7hWzE,02-2275-2470
ChIJ0RQJxuKjfDURnCJsef5hnhI,070-4667-2436
ChIJifPD-L2ffDURnO57V01Om1M,02-844-8876
ChIJzV3r5fSffDUR3kZfG0EGFnk,02-3667-8998
ChIJMcq8HFaefDURBVhLmCmpI8A,070-3151-2608
ChIJu6SMKDSffDURKGPHq1KHl6c,070-8807-5999
ChIJRx0N_SiffDUR5pLX-kM4Mko,010-2394-4994
ChIJVSvWyOeffDURRsE7CRMNt2A,02-3667-8998
ChIJG1LBofuefDURDfoEZPKur-Y,02-2635-0615
ChIJDWmYc96ffDURxGxbPSrTHTI,
ChIJg8pZ0AiffDURjmT9yTFjmOE,
ChIJayjTlwuffDURvQ5pZcjTpsQ,
ChIJT5vF_ECjfDURY0MtngACPSA,02-2275-7284
ChIJDbYQkyeffDUR__61_iaEO7c,02-2618-0569
ChIJ1UxHF-effDUR-ekuCuHVhyM,02-6101-2687
ChIJFwCNe5q9fDURD5cGhdQo5wM,02-999-5277
ChIJT5slXcCffDUR6u-f_nrlL6I,02-6956-6005
ChIJdQGnqhKffDURkFEfNZymP70,010-9072-1337
ChIJrVYJrCa8fDURfYKBlEDbzis,070-4110-6744
ChIJ8b7r_nq9fDURyYGnjzv0MIg,
ChIJyRENN-S9fDURQgI98vnRBKI,010-5825-1923
ChIJvYHO48WffDURSHLmcePew0M,010-8858-0629
ChIJSZ2iaY2ffDURkS2DWAqw4mA,02-2633-4170
ChIJVc9o69effDUR4c3h7VbFbFU,
ChIJv5QBwDa8fDURJ9Thgy8x79k,02-999-5055
ChIJm_4UG0i8fDURycRur8tFFFU,010-3957-7341
ChIJT_JeKDG8fDURpJ2S0toMpNI,02-991-1649
ChIJfeRrn5G9fDURQHG3FZu2JxM,
ChIJQWPD4hC8fDURqfO0ErDmPtc,02-999-1530
ChIJKwYw3tiYfDURswRPrqbOtIM,
ChIJvf3Jng-hfDURdTaGBQA_rL8,02-552-8522
ChIJrePPj-KjfDURU_TTUUmz-vg,070-4113-3619
ChIJYaGcY-KjfDUR2QY3g9O2-Es,02-501-2745
ChIJjV0txOKjfDURrskxDXs04u8,02-567-0618
ChIJkw-YLLCYfDURKLU0CC1-fO4,02-706-7050
ChIJ7Y4bq6elfDURRaNwVw16VoA,010-4121-7151
ChIJ63FbvuKjfDURnyLgdXNMebI,02-566-6181
ChIJ3dC8XtGhfDUREp2BJB2440U,8228688
ChIJKVoFetiYfDURsHN5IC0Pl4E,02-322-8626
ChIJMY-JRK-YfDUR51Xd45ZKg74,
ChIJfxl_sK-YfDURQAltSQ5AJ_s,02-714-0081
ChIJQSAI7uKjfDURkpUpVI3_wgI,02-565-2117
ChIJe3klzU-hfDURX6hezozjxg4,070-8807-2263
ChIJo3OBf6WYfDURAytl3OXn62U,
ChIJ08fcTmukfDURorFv_Ci7T-Y,02-566-2367
ChIJEaKC66affDURrMrDPAYgR-A,02-3280-7368
ChIJKZYfAv2jfDURR5Y87O_xGnM,02-515-4933
ChIJvSQG0fajfDURiKWOCKLkoDk,02-6013-0926
ChIJI4EQNZeZfDUR4advp2Rb73w,
ChIJKZO5UeSjfDURoaGSRnvXHCg,02-3444-3500
ChIJCXHSptqYfDURI9V3DBSpKoY,02-336-0817
ChIJYS529eKjfDUR1vtrurK8-h8,02-555-8853
ChIJ7WynOq-YfDURHfOY34cigdo,050-71433-9998
ChIJQzzWrIqZfDURt4cHMU7DKjI,010-9420-0117
ChIJSe8EqGyZfDUReOETnFjQ7_o,010-8422-0915
ChIJ9X6pxACjfDUR7hl1P9hpseI,02-552-0204
ChIJX2LFR8WjfDUR58juCGsxxkA,02-566-2052
ChIJ769iKfyjfDURyaWau3yF4VM,070-7798-0544
ChIJqyWHiaWffDURrexZq2HEKfE,02-812-2146
ChIJe0NSn-KjfDURqExhFUD3jn0,02-554-7747
ChIJx4y650KffDUR54qGkFWpG7Q,010-6430-5874
ChIJJ72ER8KjfDURp0R2_QxPjNU,070-8821-6374
ChIJv5T6aOSifDUR0L7wfgW9uio,02-6494-1311
ChIJL9Ik8rqffDURIPJjJMq278Q,
ChIJPVcyl-OifDURyYLpiBdUNGo,02-2266-4913
ChIJpzkRNYeZfDURmdfLOy_93_4,02-711-2188
ChIJK2tX8q2YfDURqoQsyXhm6jQ,
ChIJczlpDy2ffDURuXBz0oxBnK0,
ChIJfdX_-rqZfDURRIDw5shrMPI,
ChIJY2yEND-jfDURjQnnTmD-8F8,02-2236-8987
ChIJuWhyyJ2ffDURTc4gQOcDuSg,
ChIJHY3Ih6-ffDURhq7PqET-FJU,010-3248-8422
ChIJbX_cdXSffDURq2JwXGw69hI,070-4238-7947
ChIJzS7j7-OffDURXotElAz5rfU,
ChIJAzmGvwC9fDURKplk0G8R02w,010-4680-7709
ChIJVcVN95OhfDURbgz3_XRTf4Q,02-3481-6555
ChIJ8d-s0_SjfDUR9g3rBR45mH8,070-7913-7407
ChIJ_3Y45UqefDURvnUT_oRWUfg,02-833-6046
ChIJBS5T9cOYfDUR3SCnv0qNO2s,02-325-5382
ChIJC4r2c6-ffDURqHDN2yxHOaU,02-227-6956
ChIJWcjmbwG9fDURAqilJJwcgKU,
ChIJi4Cg96ujfDURNphdSYJUi-o,02-2272-8007
ChIJrWmmzrq9fDURvMwmyNf3SyU,
ChIJ3butReSjfDURG7rRjFooggE,010-2302-5026
ChIJydnCJtCjfDURfwXmOMn8-58,02-6084-7079
ChIJ70VxHnWffDURLSaptfSlXKY,02-822-9020
ChIJz5IU4KaffDUREkQj8Y0pjcE,02-815-4000
ChIJWzl13hujfDURolCZIay7vHM,
ChIJa2agB6-YfDURq0vAIj9Y4B0,02-6459-7773
ChIJr4QVxgKjfDURzENEcGPZPrs,
ChIJeaHWzeWifDURTirme9hBArQ,070-4148-4242
ChIJNTjp6CGjfDURdCcfa9NgSaM,02-2276-1092
ChIJywS2DceffDURvASb0qzQdZg,
ChIJIfFQ0DC8fDUR7HVoivsx6Tc,010-9237-9292
ChIJ7XDaj069fDURME3tI79NjjI,02-990-7832
ChIJZVxDoBG8fDURs6ASRRzu9nE,02-990-8789
ChIJcTD1x3OffDUR0NRPeqAK4MY,02-3280-8434
ChIJyWDRpEm9fDURLC0HxUlEa_c,010-2442-6677
ChIJW7iQyEG8fDURQqED2LpVdRU,
ChIJe1ONC6aYfDUR6IUAfWMCG44,02-3275-2045
ChIJxQuSEpGffDUR1tc0yFK5NRE,02-6014-0608
ChIJae0evWqjfDURmRyjQCXU6CI,02-393-0999
ChIJz3AKuXmffDURw_20MmY94KA,010-9984-0512
ChIJEc9pnGCffDURfW1m4WDwpVg,050-71311-6987
ChIJT0vu6vSifDURow_zP0pmkMY,070-4509-9100
ChIJ60EIube9fDUR8Tj431WQoFI,
ChIJK7UXktiZfDUROOi9gRBxUdQ,02-6348-0061
ChIJHUMdrBqjfDURLDAsBGg0DFs,02-2273-8870
ChIJuaFpPFGffDURm5t6l9sCKnI,02-6409-9870
ChIJYQt8pV6ZfDURd7CKUTlNfi8,
ChIJZSlffKGZfDURSUr5WDgMAIQ,
ChIJx9KkFFi9fDUR2LtUjLlpN68,02-981-2621
ChIJFxt8ad-9fDURtO9NTNcD7Vs,
ChIJOymf0uKifDURkhOwpeTmTFk,02-2273-2460
ChIJmzvBTCW9fDURjqSvy_mVzlQ,010-9162-2460
ChIJZTl69RK5fDUR0-3YZEoPaSI,
ChIJ7S6MFLGjfDUReWNebbQ2vf0,02-563-2052
ChIJUxNZaRG5fDURqSIhuzDfZdY,010-5682-8225
ChIJ-RDVEPe_fDURsypO8C-VyOg,
ChIJrXKOPSi5fDUR-SRMNNK2DpE,02-954-8244
ChIJOwLq-oO5fDURBQuQav0bbqY,02-6221-6949
ChIJv7D5M6q-fDURbJ0AKUI0Nfw,
ChIJrVVMJvy5fDURnczROqzTKZY,
ChIJ-1rMUCG8fDURMGk80BSkn1I,
ChIJHU5t-TO5fDURLnFvDoBttxg,02-2277-3001
ChIJq2HTP9e8fDURWVElI2-XDQU,02-743-8340
ChIJsZryf9a4fDURHg4toGfOm9k,02-956-0327
ChIJiZUEHdO4fDUR1I1kLakwhYw,010-9733-3116
ChIJwYSB-Na8fDURKpZm38gZGao,02-927-5595
ChIJvTTs0pK9fDURW2UOAw2CbW4,02-908-3422
ChIJScCQfym5fDURMn2-uyX91QI,
ChIJf3LJyba-fDURgI_I4SjmKgw,02-954-1715
ChIJXQO4uTe_fDURJgkYTizU1vk,010-2514-6469
ChIJc3uPXX69fDUR85NrTwSx5ac,070-8860-8147
ChIJFXDAqa-9fDURj9Y5mrxxGyk,02-747-5394
ChIJ-ytJNcu_fDURQSToXwoRGLs,010-7477-5772
ChIJNXtpQkW5fDURSDHxhKuSmQ0,02-955-2081
ChIJgyDLW4C5fDURdMX0lfxpIpo,
ChIJERODGym9fDUR2MvDV5fMt5A,070-7520-7714
ChIJPVkQfim5fDUR0P9v9QhW-So,02-956-5078
ChIJsxfMAHSZfDURttb4AnJ4wmk,02-355-4862
ChIJ0d5eysyZfDURipY6wYNnD9A,070-7622-3144
ChIJBxdZ_pyZfDURjobdr9hFfSQ,010-4697-5950
ChIJLUvHBhS_fDURojerLEDV2ho,
ChIJdSSMCzCYfDURUQJcNhT317c,02-356-7972
ChIJUyKd9SK_fDURNynk0kEMGLM,070-8180-0070
ChIJbS3rfce8fDURUPrDQSkfsTQ,
ChIJ7SZwiZa9fDURlCzduNwyEOM,02-6012-9871
ChIJt23KyoK5fDURqL-YgXqMWRo,
ChIJDXYb2B-ZfDURY0L-332K3R0,070-7376-0910
ChIJcfo-7DmYfDURvnLMJFMGoy0,070-7377-5488
ChIJGy2jvYiXfDURg3Khds9F16A,02-356-8883
ChIJXXzhXdSZfDURbQuzgYfVPIo,010-2514-8556
ChIJR75RY1KYfDUR9bFA2XUw62I,
ChIJcXwjTMq9fDURKW4dZkhtK0o,
ChIJ_RmrOWuXfDURV_skOK05mDM,
ChIJNxpfINa8fDURkYiWrNgkGsQ,02-762-3114
ChIJc9sbxTyYfDURvomy5WddUFM,02-357-7708
ChIJSVpwMNKXfDUR_AezjMSdw6Q,02-356-3631
ChIJmx7XkE6YfDURYNby_vhj6W0,
ChIJfUqGEkqXfDURJ6Ae7U5EMEw,070-7767-0829
ChIJvcmRMouZfDUROotrUXpnqtY,070-7715-5300
ChIJs-Pg9UGZfDUR7wikhd_HfMM,010-9195-6671
ChIJ50FNeaWZfDURXnsah6U7-RY,
ChIJ2fJpsGiZfDURVuZWLDeQG7I,
ChIJu8gzAim9fDURMJ5oUPdxUYc,02-741-0640
ChIJl4b46YGZfDURmvD_z5O3uhk,02-6497-0107
ChIJZ5ERBym9fDURB3dD7RAodTg,02-766-1611
ChIJ9dr2JTKYfDURCMsvZYzdWUQ,02-6498-8017
ChIJc-hQL5ehfDURChLbBffgpas,
ChIJdYK5vES9fDURXzxX_c7v9Pw,02-6465-4674
ChIJPX2u_u-9fDURGFGR1pRAuTk,02-6489-4589
ChIJdWb9rp-hfDURhKEQc2Yyyjw,02-6462-9000
ChIJr5pDpr-8fDURU9wz6NKRA5M,
ChIJ0bCgctG8fDURMOLxTNjgMBg,02-916-0025
ChIJf-Z17w6hfDURVrWbGi5x84w,02-586-0215
ChIJD0h1C8i8fDURaAWY2-dScDA,010-2745-9372
ChIJAT43z3WlfDURYM6q-iY8wcE,070-7717-6809
ChIJ20YsCtG9fDURmLveQH9Mip8,
ChIJXxGMRVS9fDURxPgDP3LgHoQ,02-747-0305
ChIJjckBnL2lfDURJyQrYmaeI1w,02-412-0998
ChIJSUabGXalfDUR6r-FoTWvSq4,02-423-4542
ChIJn2KR972lfDUR5Yp1C3yexl8,02-419-6859
ChIJKw9pdZylfDURjBWoaIZQg2g,02-412-2726
ChIJu4h035ulfDURU3dbG7cjhn4,02-417-1203
ChIJk0PtvnWlfDURkBKaVwLQRek,02-418-1991
ChIJDb54F5-lfDURFMPMT0pa3-4,02-715-0814
ChIJPfR5gKOlfDURC2s30E4E-wk,
ChIJXQW31ZOlfDURiz7TO5g3q1w,070-7628-2828
ChIJp_BYLpulfDURHdQM7ctsEhQ,070-7797-2945
ChIJs7v5aHalfDURT8F3CiMdPzA,02-420-3602
ChIJEfijO_iYfDURvDMTm5ZREMA,02-373-9008
ChIJLwxVG2eYfDURg4QgZkmboKk,070-4107-9510
ChIJV-f9vnOlfDUR2Gard9C_jO0,02-420-7410
ChIJg_mx_TelfDURFtgPZnPu9x4,070-8834-5252
ChIJw4KaK4WlfDUR1p7rm8uctZo,050-71404-3763
ChIJN-kyBgGlfDURsrj9lQpnnEg,050-71407-4802
ChIJYSWqYJ2lfDURrhJD21D_PHY,02-425-0120
ChIJCZP9z82lfDURJ4SzwpdRpXo,02-6402-5704
ChIJ5_XkUGuYfDURmmn4PscsYuk,02-747-8874
ChIJZXqBpkqjfDUROvIfXnZEdcw,02-313-1823
ChIJZ0wBUg-vfDUR4T6i_rH7bPA,070-8775-1220
ChIJn6C6IJylfDUR66v8V3HAlFU,070-4065-4860
ChIJ6QXB0JC5fDURgnlC_nNOeC8,
ChIJIwcSSW2ZfDUR43VADy6JLLo,
ChIJ8ZNs9fWYfDUR1EWYTF8BY-k,
ChIJyUN1tF-YfDURptXU9dax9fA,
ChIJn09JQRW5fDURzDyLBDGEJZM,02-935-2388
ChIJuU5BR2eYfDURLJzaZkC-ppY,
ChIJPbbveQ-ZfDUR13dIBsceVCM,02-373-0000
ChIJ48u91FSYfDURecK819KLLDs,
ChIJaVmttvSYfDURlhiTiz3Ao44,02-332-2288
ChIJH5OYae6YfDURbd6M-TezgsE,02-322-2743
ChIJi_2jq32ZfDUR0jSzr8PXmUE,
ChIJmbApTRW5fDURLG2mcG_qmNg,02-932-9227
ChIJR7NpBRW5fDURRj6rEQ5KjVc,02-933-7779
ChIJ2YjX8uGZfDURm2gNaGoCFgs,010-7132-0890
ChIJeZ_U4uKYfDURIvDFFoJlrAY,
ChIJC8mDVPKYfDURhxX_yE8bjPE,02-6406-8777
ChIJAWv2fK2ZfDURdLUPkzMPZcc,02-2293-3889
ChIJubufLQS7fDURjQgixfQuNxs,050-71495-9027
ChIJ-7RORRW5fDURS7mGc5cp3H4,02-931-7272
ChIJozucRfOYfDURlyOD4nzzYrA,02-332-5335
ChIJ1675XbK5fDUR4YM8cIae0-M,050-71341-3799
ChIJAS_I_Dm5fDURCJuyG_sEASc,02-933-7611
ChIJPQ7qYBW5fDURe5qnKYt9EQQ,02-931-7193
ChIJCV8BFxW5fDURXYKCYRa1KuA,
ChIJC408BiC5fDURy0f6Z9sBxC0,
ChIJZx8e5rm5fDURzF8W7dK4hf8,010-8769-7050
ChIJ081kCRW5fDURoKhRW4dfK2Y,
ChIJD6yXWXy5fDURRsuMyoItEqo,050-71338-4177
ChIJmcz3boe5fDURaJVLl3xFyrA,
ChIJHTtpeBOifDURb9klM7Y1TGs,010-5899-0155
ChIJH71Vu5S5fDUR1gId_Hn3BrI,
ChIJYQHwUBW5fDURwXXxZ0Pq_Qw,
ChIJ0W4GoxW5fDURbFuZS5nsBwI,
ChIJBaQ2jSCjfDURjWOJloIqgg8,02-764-4085
ChIJhQ2SSii5fDURUeTAUE_vp9w,02-932-1683
ChIJqUDnRd-dfDURFtnY4e-LLg0,070-3275-2510
ChIJLy-dB8WdfDURW6Dy2h-Ypw8,02-2603-9294
ChIJfXxb1hGcfDURsCfo-B_g-Iw,070-8840-1884
ChIJJ3JeBseffDURDHHTIzlAsd0,
ChIJIYAhANedfDURPmFpi-N6DR4,02-2650-8900
ChIJQz6koEecfDURO62thYhzf4Q,02-2603-3342
ChIJjZa4_X2efDURNJ-BZoiE7M8,070-8711-3495
ChIJL3LLRNqdfDURMzUYuQtUGn0,02-2643-0102
ChIJG8MgzH-efDURy6Wq8M7OHhU,02-2655-2211
ChIJIZaL9tqdfDUREBfxnET1QIw,02-867-6675
ChIJ-7bzUYGefDURH1ctuKH6NKc,02-2653-6963
ChIJ50cfHCOdfDURdZ1rLl-8gfI,010-4322-4690
ChIJ9cqTEuahfDUR5PhW1wyqmcY,
ChIJo_JsKNCdfDURjiblt9xxD40,
ChIJif_GDhScfDURKltPzij0wZE,02-2698-6110
ChIJj8Qp9kKcfDURPLgsqxed4r0,02-3662-8877
ChIJPxQyRcmdfDURvHQj2_veCWg,
ChIJFbHBfbmdfDURffwbkULzfos,
ChIJ2wdm4w2dfDURG7bkXSQSEiQ,02-2062-7978
ChIJTX5IdjeffDURJME1EU0RNsA,02-2651-2555
ChIJ30_BStCdfDUR__Kw9_IxNhs,02-2655-0877
ChIJb0F-ShKcfDUR5R26IGEoBTU,02-6465-7579
ChIJWUUAQIeefDURPJo1lJ8bBPU,02-2643-5297
ChIJMXKb496dfDUR54_4QVOd7sU,070-7765-7717
ChIJiaKlisiffDURw3-iw3Izjkg,02-2061-7472
ChIJ8xOidE-cfDUR8D9lRI0XgwU,02-2668-2518
ChIJVbmNLBOhfDUR1aar29xAqco,070-7794-3226
ChIJq-sQKWqcfDURbkCUT4MYqHQ,02-2666-1372
ChIJ51eYg0-cfDURJAlMeuo5lLI,070-4142-4486
ChIJpUzdBQCdfDURTraTsQBJns8,010-3282-6342
ChIJMxwX7xChfDURvETvo2ZDhk4,02-2690-0962
ChIJw9HKYLedfDURWJD-0SWfWwo,070-7723-2019
ChIJAVl1AG2cfDURJIzqG44y_LY,02-2063-4045
ChIJxXaieVucfDURXFZWkeYlZss,02-2662-9222
ChIJA6dfjQ-hfDURb26U7aJVG9k,02-2637-0315
ChIJlcboD0qdfDURNce4ZF8hwdI,02-6408-8272
ChIJkSVAGDCcfDURBdhQXdKISQc,
ChIJDbb2J22hfDURvMpnlF12htE,02-523-0021
ChIJiRBGdbWdfDURgoMVl_F4brw,
ChIJrfTk0vOdfDUR3oRKRc68Sns,02-2697-2697
ChIJ98bkFxGcfDURcHypmTgxRl0,02-2694-0285
ChIJy7qTgbGdfDUR4j0Et0StHfo,02-6052-0116
ChIJOyEOmxKhfDUREWyQQwGg8z0,070-8285-8897
ChIJczZDVUihfDURTt00zO7JUDs,
ChIJeRgJJR6hfDURVDV0bMWBYdk,02-587-2253
ChIJ6Z-6vXyhfDUREvisgjiQZnU,02-2135-2839
ChIJ0wo4zVqcfDURjla8yD2lPP0,02-2065-9134
ChIJnT2LRRCcfDURjlYwlJLUzyc,02-2606-1691
ChIJHzynKGqhfDURbFRYwmaBTqM,070-8843-0401
ChIJ9YISEUmhfDURZITPT7uEnog,02-521-6357
ChIJYfVqCm2hfDURPETaCueOP_k,070-8884-0000
ChIJhUS2MhKcfDUR30HeqHh32O8,02-2607-5773
ChIJ8WB6oiChfDURWdm0qE4zznQ,02-529-5401
ChIJNVJKAEehfDUROTB3zbVDMhA,070-4082-5636
ChIJ5Z3Z7xOhfDURM28Fo9aQO-o,02-588-1589
ChIJ93zMhxChfDURpBZLHTzNFHI,010-9752-1902
ChIJw3zF4pehfDURaXvDn-4JNBo,
ChIJ7W7utJqhfDURmYT29YtjvXY,010-7236-8376
ChIJjUT0aUC9fDURBkyugmN8--U,02-968-1497
ChIJE4_EycCjfDURBna2r9gQl4I,02-6212-1392
ChIJSTJz0KmlfDURM2Mu7o8mK9w,010-4256-9799
ChIJM7m0RES7fDUR3whZZc4Yk7c,02-960-5674
ChIJSTZesEK7fDURFOT92YCAloQ,070-8682-4958
ChIJzUIC90i7fDURypymoWIlEfQ,02-6396-9992
ChIJIzzbuNS7fDURgA6IksLheIo,
ChIJIewELbO8fDURsS0h4LA7S4Y,02-3668-0508
ChIJ4x6kXUOlfDURgAt5-60Aawo,010-4816-2018
ChIJhcfdvFOjfDURUsAmblaFeoI,02-922-6351
ChIJh_BSugKifDURFef_YFiKayM,02-6404-2017
ChIJ6VauRh-7fDURYd2i032JLbg,02-6052-1412
ChIJZVaPIqW9fDURVH5iQQsEOrM,02-923-1283
ChIJU7DlJRG9fDURX_pq3r8D7Zc,
ChIJHVXdhkujfDURjLEoWrVIzVI,070-4113-2364
ChIJ4wQnGqq8fDURUjlMSt2xe0k,02-966-3259
ChIJlZXqgwO7fDUR2Y39SoQDZ40,
ChIJncjRtE67fDURikJ1SWYx9gA,02-2212-7448
ChIJO2bToKajfDURIIa-6ANnShk,
ChIJVazWLvWhfDURaoDTT7uaCJY,070-7612-4687
ChIJQ4rSCci7fDUR5aEngN75ksA,010-7912-1510
ChIJp0DDW3-7fDURFD7dARKXp7A,
ChIJhXsFDUy7fDUR9Rd0xTLwJrQ,
ChIJqTkVlxuifDUR95pGZLbVjOc,02-6365-3675
ChIJ6RTPgWmifDURi25LADenoo4,02-318-4155
ChIJ8a8dmRyifDURV5W6mfU7Huc,02-790-5464
ChIJnelilBuifDURj9gPHDmxeYI,02-6462-5050
ChIJUxdvOPihfDUROXfMsBQLdUo,
ChIJcTEBjBmifDURxQVG7wazc-s,02-788-7365
ChIJzTHzIvihfDURyIcy8XVi2FY,02-797-0011
ChIJ3wHCmrmhfDURASjINjlmiWI,070-8865-1919
ChIJX-z4K9ejfDURNjFmPc-5NQo,02-2012-4450
ChIJN7VKkmijfDURhd1fc4HknMY,
ChIJgW2iQziifDURP5RdETx-rgY,02-790-1558
ChIJcbS60IKhfDURZkoT8YSPeUo,070-8862-6003
ChIJK9UniRuifDURAZVilXammiI,02-6365-3675
ChIJaX-o1aCjfDURyf5Hc1lZZp4,02-732-1452
ChIJo4FQK_mhfDURKUy-hYYTYcE,02-749-5489
ChIJtVRPjRChfDURav6BDPJqV5U,02-6369-8549
ChIJGzOL_q2jfDURTapO3fmuJj4,
ChIJXZ6Uh7mjfDURVat9CjTxbwU,050-71336-9021
ChIJA3_W7JVrMhURUlozmc4p7yA,070-7590-0885
ChIJj3JHHemifDURXTj-VqNUbDI,02-730-9040
ChIJI6FKRTGjfDURniM2Z92eWjM,02-6370-5840
ChIJN8dAVLCjfDURsdymipKzIp8,02-2158-7945
ChIJr4698kKhfDUR0R93x4-mmAw,010-6308-3319
ChIJ69UAIiGjfDURNKRCrodnnro,02-763-1644
ChIJhRlwluiifDUR4IMqTNggbJI,02-730-5190
ChIJ5zhMTuaifDUR1bnAZnnpL3M,02-2263-3031
ChIJPyUeoeiifDURWsRVI6DoUow,02-735-5437
ChIJZx-fiOuifDUR2HJZfG7dRJQ,02-2251-8125
ChIJqfJLrd2ifDUR7NO-1_ZkO5Q,02-747-4854
ChIJT1b5q8KjfDUR59dpq6hgUEQ,02-762-7001
ChIJGbxdYvWjfDURzjMsULraYxE,02-732-9998
ChIJYcP6guiifDURZ5-jSytD0XM,02-730-4306
ChIJK9CrDOqifDURzfl9-6_pfUo,033-6482-7601
ChIJW2w_fb9hezURGRCIQabo8fg,02-6014-8686
ChIJD1xgyCeefDURp8UBM2O_Y4k,02-835-9590
ChIJT_2IW9lhezURciUIFRMxXVg,02-839-8888
ChIJq1yRnJVhezURDJsfqsYGDZQ,02-6082-2121
ChIJsd5UT-aifDURAgKqJ6Jr6H0,02-2266-5947
ChIJG_IVe91hezURpowNMfdZWqs,02-855-3110
ChIJ6wIBP7NhezUR0rzy9Y1fmFE,
ChIJrU0E0zhhezUR2NuAJmz3Dvk,
ChIJrTK2JSmefDUR8mUfUgj5SKE,02-6264-2959
ChIJsbevhOmifDURHdAQsf3-O2Y,02-725-0179
ChIJD1TURdphezUR4LuZd4BW0so,02-863-4565
ChIJsbsCArVhezUR6Lh8lWAPM2E,010-7516-0892
ChIJL8YHibZhezURXUnrE2ouRDk,
ChIJ29ubecJhezURSKf9XauA1LM,
ChIJN9CsOR1hezURkX8vc62NCW0,02-6952-0695
ChIJ3eV2pG5hezUR7FydXgSFKmo,050-71355-4986
ChIJaaOhv6hhezURjm7dZwkSNAE,02-820-8552
ChIJSU3VTMlhezURUN0AwkmSnDk,02-892-3839
ChIJldbvXUpgezUREpStYAzeSlU,02-807-4468
ChIJieCY7LdhezURZSnAvJLTnXQ,
ChIJ_2C3xfyvfDUR-YIlWEr6_MI,070-8822-9561
ChIJp6MYVvyxfDUR_Wyl2r72DCQ,02-442-5234
ChIJKcGUAmKffDUR0VGwToMk070,010-4277-8809
ChIJezhuf_avfDUROJ-GvhI5JvY,010-7696-8656
ChIJa2m4eVyffDURsW6ea8dvoWk,
ChIJ9YCyUzevfDURqUd9bYnFCJ0,02-471-5618
ChIJZ6YIH8KffDURESkhnI72gXg,02-869-0077
ChIJn9lt4QKffDURj041nQF1L8o,02-875-0228
ChIJJywbHPavfDURcfLNpLnBS2I,02-475-0233
ChIJI5SacsiffDUREOlhfawBOzI,
ChIJLz80oLuffDURMeicSa2SqfY,02-876-3201
ChIJRaxKV_GvfDUReHrk9RA9tH4,02-488-0788
ChIJvbnj80-ffDUR-kXvGUmh3gY,02-876-1245
ChIJgVj-grilfDUREG0Lds7cEGM,02-477-4833
ChIJL7dOGU2ffDURmypl_1n8XPk,
ChIJWTHrt_avfDURqA7m-qgdOl4,
ChIJuap1PL-ffDUR5v5nPbzbPxg,02-877-1433
ChIJ1V3KElmlfDUR5hi87_XU9QE,070-8262-1303
ChIJX_pUd-KvfDUR25OLzEulT3o,070-4118-0578
ChIJKUaPCqWffDURZ5k7RsVtlkQ,
ChIJm_BE8vWvfDURlegwhuiWOU8,02-482-2005
ChIJx6t6uvavfDURo2Qke4vcyHM,02-6053-7588
ChIJKy3EPbmffDURb66P-vtGrg4,070-8741-1883
ChIJ8dV33LuffDUR_5Gbm1ZJtu8,02-876-2201
ChIJz62o_9SlfDURC-dOc89_TiU,
ChIJgVOVzyWgfDUR6iB_Fwc8Hko,02-888-2192
ChIJhzLrNlilfDURTM7V0NX8keo,02-488-1626
ChIJ06WzvsSffDUR0pkXqy__aNE,
ChIJSVggYw6lfDURDkh4oxQvzBg,02-446-5885
ChIJk5-bmialfDURMqZby_iLDXc,070-8672-3050
ChIJKVQ92yWgfDURqq9B-sIeSao,070-4306-5006
ChIJ06IR0rqffDURtTu6A7aYKfA,02-877-9381
ChIJkTf1k1OffDUR4mYX2rhiAlE,
ChIJqx0DpkW6fDUR7ZDtN7CDHg8,
ChIJlUxfGDWlfDURpoFwHq5SCas,02-447-8369
ChIJ9SBlsOeffDURVKNvVsoTYUE,02-875-1155
ChIJxYR5lgCffDUR3VnuXsT5NWs,
ChIJOahfw9W7fDURdVOmQBReHJI,070-4230-0404
ChIJ_wVKVCSlfDURuXRr-_xmedc,070-7702-0053
ChIJGQfTwje7fDUR58qcx73Kn2o,010-4202-9112
ChIJJRyXlMKkfDURqWB6LshwfOw,02-465-7998
ChIJ1_74Vga7fDURegmc11JiC4s,1522-3232
ChIJA6gaOvGlfDURh4djhfLQiKE,
ChIJaVoh8P-6fDURDm6fk_hihFo,
ChIJ93WsTFW6fDURuFhA3tF2F_0,
ChIJ4WgqVymffDURHLEb604Gpb4,
ChIJOXsR826lfDUROdRM1tYYNgQ,010-4424-3860
ChIJH7yfBbS6fDURXuQYLw5BIww,02-457-1013
ChIJL7jsfumkfDURgKlXoWamBP0,070-4405-0303
ChIJHa8GocKkfDURj6G5vaEoKTU,016-649-6758
ChIJ53f8MLQXYzURjZgUzj0H2Bg,02-444-7222
ChIJU73pqqq7fDURAFwc2ig0TOI,02-971-6605
ChIJw6ekIrK7fDURlsNLzE4djTI,070-8860-5036
ChIJ8aKOTiK7fDURmPsHMvXRCmc,02-6014-6912
ChIJe6S9qby7fDURTNt2FJPtyEY,
ChIJHz8wVAa7fDUR2A5Xnn6asQc,02-434-4565
ChIJZZBlPxC6fDURvCHDC2soXZQ,02-432-5659
ChIJxa2o6CelfDUR8U3GvCiB94k,02-455-2789
ChIJtc4MZKm7fDURLFsVr2R1wH0,
ChIJmzTIEuekfDURBSnB52kMMLM,02-2201-2266
ChIJ6ZJvXOK6fDUR_3bekxf04DM,02-432-9378
ChIJLSF2Siq7fDURQmPzLDMak_Y,
ChIJDajxCkO7fDURkXWZVr1BvAA,
ChIJPzlY5iO7fDURdq39dui3Y2M,02-433-9982
ChIJddf3iR66fDUROjS_q2agN_8,070-7722-0904
ChIJQxH8Iu-kfDURmNLoP6hdywg,010-8633-2127
ChIJiUqLyU-6fDURSeSk4uARRWw,070-4038-0058
ChIJaUJcpMOkfDURxCJzHB8gfh8,
ChIJvbZ4DuekfDUR7mwLZpHAgeI,02-447-3838
ChIJf60FQ0W6fDUR-A9wtovSX8w,010-4084-3799
ChIJtwG2IimlfDURpyJjgzOK1vA,
ChIJ16lrXKekfDURxhkOa7uTGvM,02-2296-5658
ChIJ23p7Jm-lfDUR4aDY8Qe7gU0,02-499-4434
ChIJCeovOlmjfDURnmrJFBqMAvs,010-4664-4500
ChIJ7QM5WtukfDURZTjTKJw5fKM,02-6223-6008
ChIJsY64vp2kfDURc8pIp6cFoig,070-8868-2008
ChIJgZ59FZikfDURuxnssiLeBo0,02-2292-2223
ChIJPRxT-5ukfDURbDWLGl_7IO8,02-464-4222
ChIJ7x-GL0OffDUR_nzVbsscF1w,02-6953-7909
ChIJ0wGFLOSjfDURUKxXczy4U4I,
ChIJPxUCgOClfDURaqFDiqTnnBY,
ChIJiwsv9z-efDURsz4ynPjlVjU,
ChIJd3HCtTKlfDUR_GkR-xpggbM,
ChIJiw1ZSJ-kfDURqpf4at-BDAA,
ChIJJy7_ZiClfDURcXUM21ESSCA,070-4036-9616
ChIJtUJLPRalfDURFgfG8elg0r4,02-499-5012
ChIJe9GV1Z2kfDURzRu5qg9T_Go,02-465-1077
ChIJSbNowImlfDUR6Intd7bbNhI,02-6339-7771
ChIJxZcaKp-kfDURZZArKKzwxgE,02-6015-7176
ChIJ_dif4JCkfDURyI4nEzcL5Ns,02-499-1112
ChIJNdfzhbqlfDURdnK2N7u4-qQ,02-462-7140
ChIJz08v9WmefDUR2K7_Srdjb4E,02-857-7004
ChIJFU8KvHuffDURuzaCTuc90Qk,02-856-3121
ChIJo0SADiOefDURfb24Q5lzOTs,02-867-1207
ChIJy-WONTylfDUR6nkYbwW0prg,
ChIJyafpIUalfDURv5DziMypsWw,
ChIJcX1UVDKlfDURN5uLOjpN8cU,02-465-8922
ChIJS3tsOvuffDURcXQdSnJLc1I,
ChIJlUA6ETCefDURDkD8Z1acqG8,02-855-7791
ChIJ8_tDoDqefDURYvqm3vr1NMk,02-859-3073
ChIJOYHUrCWefDUR4qINaoDQqzM,02-830-3592
ChIJGw25ZmyefDURKH9OooaKLdc,070-3229-5416
ChIJI_TJlj-efDURz6CHJNkhdbc,
ChIJiexlGSOefDURZ1l0bYfvtBs,070-7440-9797
ChIJWdtDMO-ffDURbUXoxh-fjHE,070-4240-5228
ChIJDdJPcyGefDURuHI-RHTU1Pc,
ChIJDZXVIzuefDURwcdypCAT6SA,02-837-7979
ChIJSe_HyTWffDURdMBG5uFhoPk,02-6952-1333
ChIJca2ScdOffDURkDOgulF1MUk,
ChIJE27mC2qefDURstcMXzZlHYw,02-855-7796
ChIJFWb0nRWefDURhkB8775MAas,02-852-3431
ChIJud_H80KefDURJpsgmUt2v9E,02-853-3737
ChIJf09JBdlhezURH4ECK49loNU,02-867-6813
ChIJFXwDvghhezURzS78XqfNEHg,02-2060-4199
ChIJO0Dnvv-xfDURnpvfGndzjLg,010-4241-9957
ChIJMaCZB4uvfDURim9id0rW4F0,
ChIJcYX5pEGlfDURVt1NqTiG2ZU,
ChIJVc_l1fOvfDUR5Yqy_5QQaqE,02-477-1900
ChIJm7HIL_evfDURKuBMs6BxI-Q,02-470-4357
ChIJ25LxOfevfDURDotStckVhus,
ChIJTRz2LgCwfDURAMuQrMCGIDo,02-470-6091
ChIJGygJ4e6YfDURu8E1TgGRKOA,02-323-7076
ChIJzxUFp7CZfDURYTUa61nXSUA,
ChIJo2hYLKSYfDURq-evxOeHsUU,02-701-5050
ChIJuQ3YlTqZfDURB5mSPV7pz-g,02-336-0150
ChIJBfaUp36ZfDURlDHjam7dyIc,
ChIJtVDQXIeZfDURUt_-hIKLuZ8,
ChIJg773LeiYfDURtaF6H2U7pJw,02-333-6002
ChIJPX2GW9CYfDURQ0U2hpnlpDA,02-3141-7212
ChIJzchdC4GZfDURrP6QJgIfJAo,
ChIJ0z9CFOmYfDURvuBefNyUAoQ,
ChIJU9WmH4OZfDURefihr7Qp8dQ,
ChIJryQxVtqjfDURc65-f2JNQUk,02-6353-2353
ChIJuXbNEqOYfDURliQRiibsYm0,02-712-8220
ChIJf9Cx89CYfDURk7renXG1dXA,02-335-2288
ChIJ6ZatqieZfDUR_cGSh5aZ3XY,02-333-6933
ChIJB_1mvO6YfDUR4cCrgtcLX-s,02-326-0355
ChIJ4eFmuuGZfDURLAkv_C_z7Pg,
ChIJW26usOeYfDURjdTK7krhup4,02-322-7549
ChIJ24XJuCeZfDURK3xNU7bnDCc,02-6348-5759
ChIJY6YrEq6YfDUR2ti0mHJsMXk,02-3275-0057
ChIJlTKazLi8fDURoewc85MMXNk,010-7173-1965
ChIJF0FjYri8fDURebC_Gtc9oYg,02-6711-8576
ChIJ-z9Uq7-9fDURnFL4nYHcaOY,02-733-9901
ChIJYahKDbK9fDUR3opYUfrlEkU,02-921-1291
ChIJrYutY-u9fDUR55P09lHQgwI,
ChIJBXWLW7-8fDURTs2nb9jdANM,02-929-9111
ChIJc80k2dO8fDURla-seS48jwA,02-766-1236
ChIJt21pvLm8fDURfh52mkMM7nA,02-921-0969
ChIJV1ykArC8fDURP2WXqNTa4SM,070-8724-9384
ChIJv1hZPpG9fDURHx3zKNZowv8,02-6402-1085
ChIJ--cYKvi9fDURyj40_QPyfhE,070-8845-3583
ChIJiVCjwsa8fDURP5nYtP-4ECg,010-2468-1526
ChIJYwJaPvq9fDUR6XGC8EGL9c4,050-71304-9105
ChIJb1tdRl29fDURHbxl1ozHjCI,
ChIJr4xnJNu9fDURns3P51SkNrQ,
ChIJDwNFumi9fDURE0Oy8-ZZhHI,010-6341-3574
ChIJ2fMu2Om8fDURvHHdlpF_PBA,02-943-1579
ChIJ0WST12-9fDURmC9YXnbojRE,050-71315-1077
ChIJFXqv2uu8fDURmK9jGMTbYeI,02-3292-0103
ChIJq0idbLi8fDUR_3lsJAhF4fo,070-8875-2624
ChIJW-z9Q42YfDUR_g9l5njkSvU,02-332-3801
ChIJCzO7YK-ZfDURrEHwKD1KUho,
ChIJ_7GfjWaYfDURwPWQo9aMUVY,070-4248-5850
ChIJsf_0KvaYfDURwhVhk-Ue2xg,070-7532-8858
ChIJ7ZLz-LyZfDURCUIPJaRqv1s,02-325-0792
ChIJeYRfZRKZfDUREijFcUUSwX4,
ChIJCzNgbC2ZfDURcxz57lFm1tA,
ChIJ0bFKrYiifDURaN5JB9KTszQ,02-393-7890
ChIJ6QnESOCZfDUR6HcVUDWR8WY,
ChIJx4d9FoaZfDURxg3d2qTscA4,02-6351-1510
ChIJr2QLGYaifDUR6vwEIB4JadI,02-6340-5385
ChIJoXUS-FiYfDURJzzfiGBUXYo,010-6334-6494
ChIJYwlPfiuZfDURdNwn69I796I,
ChIJzRvVqGGYfDUR0RWgY0VnCCo,010-6477-2670
ChIJ9eLGSDiZfDURbM9sGdsOWIc,070-4108-2020
ChIJjyBHhYiifDURND81bH7w87s,02-365-5847
ChIJWy9o5ZOYfDURLjjAsCo_EZc,02-363-1222
ChIJ3TNMbPKYfDURo4EIavbG3zU,010-2745-1617
ChIJf09x7YWifDURmq9H57PmQ5w,
ChIJu7Wd7AWYfDUR0FAmHYNl5XQ,070-7527-9744
ChIJY7HumD25fDURoRfbvPzTU5o,
ChIJ6TWi8pe5fDURl4MB_5lXw4k,02-935-8231
ChIJv3tnVxW5fDURk3PRYt7Pvp8,
ChIJ1eB4dCC5fDURDSVk22H7rj0,02-930-3313
ChIJw3Ckrpy5fDURGhDaD_cnW30,
ChIJd5myc0y5fDUR5hBOZyT16Po,050-71345-3197
ChIJs4dNmtq7fDURmuKP2ANygfY,070-4247-3790
ChIJI4Q3tmy5fDUR3C06_QI0oCM,02-3391-0156
ChIJOY5xKEC5fDURmIZSDGQSb8E,02-951-0206
ChIJUVNx-RS5fDURyyjBdzdrJ24,02-969-1691
ChIJsVzcmWq5fDURR62SHRmhJ8I,02-933-8497
ChIJifebefy5fDURRjFe2_GxQNs,010-8978-9935
ChIJx709WxS5fDURJMMd6oUWs4s,02-6227-2733
ChIJa5E3uWq5fDURU4ovS5wlNMA,02-952-9577
ChIJeRIGahW5fDURy_S1M4zspRM,
ChIJB0JGl-S5fDURQVXO0i8APlE,02-6398-8342
ChIJi1SL4Ku5fDURiijfozhrTUI,02-934-5577
ChIJlbo7qxO5fDURK4affbdJi2A,02-933-1214
ChIJ2yrdsDy5fDURKrLK2UISIoI,02-6052-7720
ChIJEwPAzNSdfDURXpUduI_z_PA,070-4194-5017
ChIJwYKis5eefDURuchlWM4QGMw,010-4077-2762
ChIJG50w9n2efDURmYCYESJPKds,02-6736-6446
ChIJ8XqC-t6dfDURqVdMF9XnuhE,02-2652-7779
ChIJw6NFUYaefDUR9XXeVZgcWMw,070-8875-1234
ChIJtwZL68idfDURKS7GWOFrVdg,02-2065-7477
ChIJg2bNlQOffDURncMVFcVizcY,
ChIJGQDXy5-efDURdfCn3y0CzH4,02-2061-7713
ChIJs4SPC9GdfDUROw-XEBChv9Y,070-7624-2101
ChIJu3G-8NqdfDURMqNeXaYtyYw,070-8236-2489
ChIJob3lvn6efDURzqSjoHE991g,02-576-1882
ChIJAVOSEBW5fDURdkrPJPDYhis,
ChIJrbuB7H6efDURfV_kOfsO830,070-4814-1292
ChIJGzNlH6SefDUR-LbkXXgyUr4,02-2648-7860
ChIJQbXgA9udfDURP_Qe4CQIzv4,02-6736-1732
ChIJ5wvWTCucfDURPtONzm4n37E,02-2699-1691
ChIJhd86mtOdfDUROwnxdk9R07w,050-71484-2255
ChIJVxpKM4KefDUR6m5EsJB5AuI,02-2652-7133
ChIJz37P0YSffDUR6IqS3m0SkN8,02-2648-5735
ChIJ7WDVZ9GdfDUR4-fgtsVa6UE,
ChIJXVLxNsqffDURQSVifnFmqqE,070-8774-1774
ChIJ13AeSHCffDURNXz2NZ9hCzc,02-815-1922
ChIJyZPxfWGffDURZlo4Uv9KnYg,
ChIJDYKRPKGffDURefcUnWWRzm0,02-815-1666
ChIJES4W3r6ffDURuIqQ8tjIsw8,02-812-3992
ChIJHT-YUVGffDURTqzhfTEvGrE,02-823-6193
ChIJPejQP6CffDURHLs3Pmw9Tk4,02-823-5486
ChIJ3T27T2uffDURrsgfeW_irKA,
ChIJlzT_8IeffDURLH_fV7q9yFk,010-9141-0522
ChIJ0Vjai86ffDURT9l7eRKP1s4,
ChIJXZRkaUmgfDURRS4uWBE1K0w,02-521-8230
ChIJFUIt_haffDUR87dXwkRMmxU,02-585-2006
ChIJv3O1hWyffDURUIVhJZ9QnMQ,02-823-0327
ChIJk7fSULCffDURVOsxT8rv3Wc,
ChIJ2cq8_7GffDURnKQZcWJLyik,02-846-7996
ChIJYyi5Vy-ffDURGYCXQquls_4,02-813-7756
ChIJWTetrVGffDURWfSdfhbTFUM,02-823-3154
ChIJ85KViB2ffDURTXJRs_jfVbo,
ChIJ8Rm5pn6ffDURlaIov4uZ1d4,02-813-0578
ChIJqcMP1aCffDURE1Jt-w_sVjM,
ChIJPejQP6CffDURd8FKG5IGD_I,
ChIJ2basGfyefDURfgCCWPBScpQ,
ChIJiWP_wL2ffDURhH6G4YVadzk,02-2633-8880
ChIJ_wTv976ffDURVDy0kLGO7e4,
ChIJq940Be-efDUR1PpFoqgtRRg,02-2677-9771
ChIJV42bR02ffDURlK8YYJTd3uU,02-2672-7878
ChIJ17YUxpKefDURcAZx33HqoEQ,02-2676-7161
ChIJz8aJb3affDURsPv24ZwE_i4,
ChIJZWXCWg-ffDURXpj2kKucFYs,
ChIJQcXBqOiefDURun1U22fbI_0,02-2068-5999
ChIJGXbBoO6efDURqChEXz-zFso,02-831-5671
ChIJc_jIqRyffDURfiMQ1b6cH4g,
ChIJjaC0b-mefDURgZCuLPy4OV8,02-2679-5549
ChIJ87EVrFmefDUR6HtUxBx5wiw,
ChIJ9U43yPyefDURdDELYzDo29E,02-2671-3121
ChIJBcqJo_yefDURCicpMrzT0AQ,
ChIJA0BfDvqffDURdsRzHMYMWTI,
ChIJG-wDRGGffDURYp6lsBlVajA,
ChIJi7XqfzG5fDURr7F8JaHg1x4,
ChIJwVxL-5m5fDURKH2U9tPsgWY,02-6091-8800
ChIJmZJQHi6ffDURMBo2pkeal2I,
ChIJmxNDeAS9fDURRvBMfx0LB_A,010-3258-6265
ChIJz5R9F7O-fDURd5BwPDdKPQg,
ChIJxwreYy65fDURzVxG9EsSu7A,
ChIJIVx74aW5fDURhd4EgqaHthc,070-4383-6358
ChIJxfbsw025fDURFoDpL5fbgEo,
ChIJf02xtfS_fDURwwqC-hoU-iM,02-906-3011
ChIJyZXmaOaefDURvxT0kIunVcU,02-547-6240
ChIJSTZwvEy5fDURPUsLBDmXh4M,02-999-4660
ChIJ8wY85E25fDURjzD3OF9W_kQ,02-994-1004
ChIJW7nh_Je-fDUROyNo4yVM9iM,02-3491-3331
ChIJ2wk0lCu5fDURU8gTa6kPS0U,
ChIJGahHH7S-fDURpe8KIUfbQJ4,
ChIJ88B6MEu5fDUR9MutuPqQyTY,
ChIJ69nPAsO9fDURmo39vcf8D0g,02-900-7003
ChIJXZ9XBwS9fDURbbj-pVX4cmE,010-7401-5058
ChIJb1_7XzS5fDURne4GksA1wx4,070-4251-4264
ChIJCw1qS8u-fDURHpIlwu5PmBE,02-956-9949
ChIJxxtK5Ym7fDURNnvLVDwl4hs,02-2289-5473
ChIJIc5VklW5fDURvxqN3CjMce4,
ChIJpxx1y7a-fDURXuKzPdQl8G4,02-956-1173
ChIJH7Lzdz6_fDUReLNF9U1xKmU,02-991-1231
ChIJWasan8S_fDUR6QVaKDstF7A,02-907-4440
ChIJRTeRtBq8fDURCTq8YL27Khs,02-908-4576
ChIJNQgGsjCYfDURhxpkkjW5eX8,02-308-9613
ChIJX4AhM2aZfDURD4OUn7MiKk0,02-356-7312
ChIJYxN1timZfDUR0CV8jxhGYS0,
ChIJrQMIORG8fDURzAWi4R1uMrU,02-999-3346
ChIJMXuIlHa8fDURKSiJk54KA-Y,02-982-9467
ChIJh2q9Gj28fDURprlDnHbUfeY,02-904-9866
ChIJcdjKzxm8fDURn1a8W5jy3YA,02-903-1225
ChIJ3ZUl2jyYfDUR_nC6vUXyaKI,02-383-3030
ChIJHYGuNBe8fDURXj_PrUqHrko,02-6396-0625
ChIJHe_yvzmXfDURIvTgZ3KxbBY,010-7319-0402
ChIJ86TQQgO9fDURbCCp2ZpDww8,02-773-2517
ChIJGTRDc2u8fDUR21QrOmTQw60,02-982-4889
ChIJ7W_hWEe8fDUR4-vVi_AO040,070-8615-6011
ChIJO2do9BW9fDURMxoEjwtIIN8,02-990-9882
ChIJtdMw_CO8fDURlp-vo66kxvc,02-6338-0606
ChIJjczQFhG8fDURJRKtrvt-V_o,02-907-4566
ChIJuycA4IG9fDURxL8Cm7TNTMo,
ChIJxWlWApqZfDURm1lBqg6eb5A,02-2135-2180
ChIJ6yGaI5uZfDURZlgHqeKyI5o,050-71415-4232
ChIJy8Pr1GCXfDURlhPv-KVy3_o,050-71405-7619
ChIJM9tIy8aZfDURmmcZzPw3Z_A,
ChIJRY7Y8C6YfDURrTO6CVFc06E,02-389-9090
ChIJz8fSTUKZfDURT6I00xveKwc,
ChIJLRLoX-SifDUR9LA9gBuv3wM,1522-3232
ChIJ2-VCs_GifDUR0TAH0UPKPug,02-776-3141
ChIJy0np59qjfDURzl6KpLz5kJY,050-71368-4190
ChIJtfRn4xSjfDURNZKzVTlCfX8,02-2275-2388
ChIJnUAf7uOifDURQEK1hkMkhio,02-2268-1718
ChIJeWRqKOOifDUR5hJGOAu2604,02-2268-7080
ChIJVapKrkKhfDURmfbUSbZ8il4,02-2261-3323
ChIJwRQoz--ifDURPC8x_V-L_74,02-754-1506
ChIJu7Ds6CKXfDURdymii7tizAk,010-8718-7523
ChIJuzaTDzuYfDURxxPBSP7FG7M,02-352-1488
ChIJ114R6_qifDURIRpbuGsYk08,02-2008-6469
ChIJURUvN9GZfDUR6YmhcIMdTUY,
ChIJ7xv9oDCYfDUROz9L1bV3RtI,
ChIJSVs7f_qjfDURFrSVxh5PygI,02-2269-3698
ChIJIwi2SBCjfDURcPuIZv6iPZM,02-6324-7890
ChIJgQwhtOGifDURxLdBopy8GuU,02-2269-5880
ChIJXbL_xKGZfDURDCbIukxGE28,
ChIJA_j28OOifDURDFo4Ae-Wf6Q,02-2278-8818
ChIJtS8kyTeYfDURVOR9_KEEpkU,02-354-3370
ChIJAQKT1eajfDURW9s2HzodZPM,070-7769-0331
ChIJfaPlRyiYfDURXXkVN8ZXTgg,010-6838-3538
ChIJ6YyQD-yjfDUR0pkoHjQvKWw,070-4647-3422
ChIJuyNj3TaYfDURJPOetIfEAx0,
ChIJ-ZBUzPyifDUR5Tu2jMLPBYA,02-2268-8960
ChIJAVgYjaKXfDURyQKt-b_4FZ0,02-352-7400
ChIJNUXknJmlfDURbDC3UvJlFGs,02-424-1989
ChIJhx_GKsilfDUR09A_PnSI_Ps,02-421-7877
ChIJ5xNEvJulfDURZlfOAbeXtl8,
ChIJH3YhRpulfDURA3yrATegNPU,02-416-5927
ChIJF-LpKP-vfDURPyEijwaDj20,
ChIJa4W1k5ulfDURZczVzz2Ak-g,
ChIJ2QCmNFmlfDUR3Md5KRC3h_4,02-424-0426
ChIJ0xzx3jOlfDURV7pP6gUUcsw,
ChIJF2fauHWlfDURfnxCByMNiCg,02-402-0103
ChIJb8_OvJ2lfDUR3ApENrfxzGg,02-6408-5477
ChIJg6UDqQSlfDURuFg50efBqgg,070-4189-1481
ChIJK3j43PGlfDURcMdYVcAir98,050-71307-0686
ChIJi6MBWHalfDURrSiwauOJdsE,02-412-8161
ChIJv51NxXWlfDURzZa92NuT4tM,1800-1990
ChIJGX3Y6nWlfDURpHESBjPp8-w,070-4220-3619
ChIJ9QUcZeOifDURm_9fGlNq1-M,02-2264-6402
ChIJ8YImBnalfDURbyzuuu-pT-w,070-8839-1004
ChIJ890ANXSlfDURZtQFczjbB3c,010-2942-0447
ChIJa_grOeWlfDURjeIZTWBvF-A,
ChIJt3FQ_B2jfDURixaAzQ_Nz3U,02-2085-8247
ChIJWZ0Skh2jfDUR3U9k0xo57Go,02-2266-5522
ChIJFeeKVIilfDURL4_ZlGPwtMU,02-6953-8502
ChIJcwfiSFOlfDURt1vgA9FIeEw,
ChIJVzw2-YCdfDURK36UHqOkmTA,02-6952-1244
ChIJI42P5HScfDURDy9Mnr6CWpY,02-6443-8666
ChIJj__UFxGcfDURs73ZKzqRadc,02-4546-0316
ChIJQ1C5hTicfDURc-1p1JvD4gs,02-2605-5475
ChIJb0F-ShKcfDURh6Q3T9lv0XM,02-6465-7579
ChIJX45LygmdfDURrGTYeTLHM4c,
ChIJcwVvREWcfDURaI_PH5TH2TY,
ChIJc-9r7AWcfDURXjMe-RloYxI,
ChIJsxeRgTCcfDURaotOnU7E2SI,02-6015-7868
ChIJecfL3jGdfDURoAA4lmE6EYw,02-2694-0285
ChIJYRb-3UudfDURbnA7dm74pAc,
ChIJdffhkU6cfDUR8gpfj0sjbDU,02-2095-9524
ChIJmdthjxidfDURqv7p0sA5Mcw,050-71324-9026
ChIJR54JZbGdfDURxf0bezxHa9w,070-2699-0807
ChIJ3cgQo22cfDURsTE6q4EmDDQ,070-4117-3210
ChIJTz4dMQ-cfDUROCUNzOshdGg,02-2109-1000
ChIJN3v0zSqdfDURzloOP89htNk,02-2690-1422
ChIJL9gNlNybfDURZrOhHjs6kNs,
ChIJSyRi7CudfDURwn02bekwaTM,
ChIJIxXM8A2cfDUR6dQhDiKq2Zc,070-8834-9652
ChIJCzl1egmkfDURYu0hMCLajFs,02-568-0867
ChIJPcQoc3WlfDURzu18WbTb14Q,010-7638-7477
ChIJm8LojVChfDURkcqFulRzymc,02-566-2429
ChIJnelletihfDURCFQcREeY8Us,070-7715-3123
ChIJVdhfFfmjfDURJ4WFkBY1l5M,02-555-0966
ChIJ8WKtD1ihfDUR2muhpYAHs-k,010-3125-5697
ChIJBRQwR1ihfDURT-RpHBFG544,02-508-4629
ChIJq4Um7PujfDURMG8rd7m5n7o,
ChIJr31dOeKjfDURWglu01R4zkU,02-540-2388
ChIJKT4nJKilfDURflZLfNAK68c,070-4115-3461
ChIJ9WSG5tChfDURfx3e3S6-05c,
ChIJvfwckvCjfDUR1Eo_79DJzO4,02-543-6467
ChIJjy3Y6XOkfDUR7S1_20PdkOE,
ChIJxeyvDjKlfDUReAIC5jChujw,02-558-0324
ChIJsaZzslajfDURZaPtdm7qt7w,1899-6190
ChIJaz5WpVmhfDURylfnuMxeX_w,02-558-1125
ChIJ_aued-qlfDURQe83Ln5Lzcg,
ChIJV85bhg6nfDURRqz6r3ma3N8,010-6769-0776
ChIJFx6CWT2hfDUR0r0NXol3XgE,
ChIJU7zppYqjfDURrBL4R91V3bY,02-511-0456
ChIJE_Ze6v6efDURpzAQAGzLtKM,010-4844-6055
ChIJlTuOlyy9fDURxZBapz3rrrs,050-71412-4466
ChIJLWKLyEa8fDURzZ1CydszAfo,070-8226-0012
ChIJSeFkZuq_fDUR2M03dPByUN0,02-993-1829
ChIJAbzYl8S9fDUR3g5wEXJQvfw,
ChIJubb7kQejfDURmGCOpLyQTgI,02-365-1932
ChIJQf1KB96ifDUR9Jc3wnXGB2E,02-763-8788
ChIJY2d7zfejfDURBe7hdlCyaPQ,
ChIJ2wRmLt2ifDURxqOB3tJNGqU,02-737-7851
ChIJB3LvcEmjfDURR01_tZNEDLc,02-6952-8556
ChIJuT--NiCjfDURyLo1CEuaEXU,010-2031-2388
ChIJscsdS9yifDURRxHyjVcgwV4,02-743-0724
ChIJ-y7uMf2jfDURi_0KcJppvo4,02-735-6701
ChIJj3JHHemifDUR8LJGvbYN0nE,02-863-4988
ChIJ-Q6v4cOifDUR0ckcFXx8_6A,
ChIJXUWP4RajfDURg2gogCEyTY0,1899-4290
ChIJDzGMud2ifDUR0Hka2kleg6Q,070-7722-7474
ChIJCcdUi-mifDURmPLG7pDle24,02-3210-3258
ChIJjbFy7UyjfDURBO9GQ0jOWBc,
ChIJm1RYNLSjfDURn5YC64mEllE,02-352-5900
ChIJe4x3wgCjfDUR6WA7MNd7Fhs,
ChIJmxn8MbKifDURGIseKZRS4_c,02-379-1975
ChIJM8jGqDGjfDURcGHl7yx_9Xk,070-8801-1937
ChIJd1efwXajfDURlybXAJYyfms,010-8968-1953
ChIJp9mnceeifDURL-cNOI2pMxY,02-742-1008
ChIJj57aT9yifDURrkRT3kngU0Q,02-744-5436
ChIJNUZhphqhfDURPfJQ412ydng,02-523-3210
ChIJU9uPo5OhfDURW0e3Nkm5B3E,02-6398-3309
ChIJ_cYKDhKhfDURoHQmZ4mokrY,
ChIJFTdcqRWhfDURkdcfuqYqKaM,070-4231-9898
ChIJL9zyHkmhfDURwamGLjmKr68,02-521-4148
ChIJs1vrCRqhfDUR8RWQ4fAOfko,033-648-2760
ChIJ160rxKtcezURek_JwnP9QmE,070-7750-9230
ChIJRznIKIGhfDURGjt_52JR3SA,
ChIJPUpbmRKhfDURIClXgsOrSOU,
ChIJK96Fzi-hfDURRoUxgwvhaBI,070-7737-8899
ChIJdQg42GqhfDURcRj0_x3ruAs,02-6956-7129
ChIJ5-hEBqyhfDURyQs42F8JmVQ,070-8703-0727
ChIJr1xitUihfDURijED1SylRyw,02-598-2101
ChIJhRbm04-hfDURz1o1vJrrKyM,
ChIJOxXGyRKhfDUR-GaRQojgUK0,02-756-5053
ChIJ-XiM7e-hfDURvk98kZmRjFE,02-581-4334
ChIJrV2fgG2hfDURc1UpvzSOPK0,02-3390-0011
ChIJm84snUKhfDUR4017dMsOs8g,02-3478-9069
ChIJE6gf87K8fDURAlf2P3jr5jg,
ChIJg9R8G227fDURQFBt4l5cIWw,
ChIJe3lF9VW7fDURmSuTIghZcT8,02-968-8320
ChIJF0lyEaq8fDURDH5DsVLZSMY,
ChIJgR9jSC69fDURN4aS6tp-TmQ,
ChIJc15bDEyjfDURP-lH478g4FY,
ChIJjXZC9EK7fDURhNcuilgb3hY,010-9595-9059
ChIJscuqL6S8fDURufdNj_dOVhQ,
ChIJTfG-Cqq8fDURPdYwTJ3ibas,02-952-0489
ChIJWRu-YKq8fDUR63pobx10nkU,
ChIJNzyvWg27fDURHSjJSd0yips,
ChIJSybj3067fDUR5KwifNvEO-M,02-2245-7206
ChIJdQBFAk6jfDURrnC1TUp93Rw,070-4237-3865
ChIJT18fjVW7fDURIr4BxVJh9s0,02-2246-9005
ChIJ8fTtBHS7fDURnuyXtBHvn3k,070-8873-0419
ChIJrc29yhS7fDUR-9vl-NAJYKY,010-8930-2831
ChIJ-frhKGi7fDUR6L-Qj-0dbQg,
ChIJFT7NsW-7fDUR6QP8XiNJ4bk,02-6489-5156
ChIJr1xitUihfDURv-q79LMHYsw,02-598-2101
ChIJRZipS4OhfDURIchuo5XToG0,
ChIJj72Ps1a6fDURkGfSsr5LbO0,
ChIJNXxPqJK7fDURWAtSzHxJz84,
ChIJsxd2S5u7fDURnveHaFoRFN8,02-973-0313
ChIJp-VVe527fDURzFTKhHD6KWE,
ChIJr50DQIu7fDURBKjrEt5fHdQ,
ChIJkSmukvy6fDURe-nHu_-TZh0,050-71427-4494
ChIJLY45la27fDURFGAPTMGpyLQ,
ChIJeRP76v66fDUR2ICZD64vqRM,070-8621-8791
ChIJUXSSpDi6fDURMfOwxuuX--c,02-2208-0058
ChIJH1JjAwe7fDURQRVAlmcYMTA,02-493-5258
ChIJB3FruVS6fDURLp8RfG5--JA,
ChIJHTO3nke6fDURJ3WAU4SXfF8,02-3421-0726
ChIJvxu8tFW6fDURnfhFAiEOAWc,02-2207-1001
ChIJtSW8z7C7fDUR1RYM1qOUDPw,
ChIJG2Bd0mq_fDURJnrj5zumdiQ,050-71362-5335
ChIJd-zIOWuifDURiqkcNz-clsw,1544-0338
ChIJEXJ0QBi7fDUR4qrqKD7dPos,
ChIJP0QEa0e6fDURUqXdu_zmoaU,02-2208-1022
ChIJu2DrMxu7fDURTrdgHy5zbaw,02-2208-1809
ChIJey6GFmu6fDURgHLe34x_XqE,02-438-0312
ChIJG8suoPy6fDUR-Z33oXCKgI0,02-438-6477
ChIJe8oefT-ZfDURcIWwhYoezSk,010-5269-8811
ChIJKWTNV4mjfDURYACTGjupi8w,02-6085-1400
ChIJD-oo8NejfDURDWX6bY4c2yg,02-749-3323
ChIJCfpqY_ihfDUR0XgePt4TKZ4,02-794-1118
ChIJ65q9qzmhfDURZLPY8Ya6p7k,070-7543-3361
ChIJUQa5Z0u7fDURleWuBJwN1yA,02-2248-8820
ChIJw-mDTEWifDURH7fFj4XBGh4,010-4624-7990
ChIJj99izxyjfDURlwg-tEW4Nzc,02-795-1257
ChIJ-aZVZ_ihfDURW0BrSH7cgmw,02-797-7978
ChIJDQw3twCifDURnNvdiv1awXE,070-4417-1478
ChIJZw-gDOujfDURtTr_bUmmeZk,010-5862-5505
ChIJS32JjxmifDURyDtjjyi5wV8,
ChIJOwJsihWjfDURvsgS_d-QoeE,
ChIJhU2_tRaifDURgtsis4yqfGM,02-790-6880
ChIJ8Tvm3HShfDURFbYPmCqAcNk,
ChIJvbaoCdyjfDURJ_DEsoJKer0,
ChIJdRK3UIGjfDURVOjnpkARxDs,070-4187-4188
ChIJNR9sZhOifDUR5o-6l6ArtiI,02-6362-7990
ChIJnagQ-PihfDURC3ntPM97cIw,02-792-4688
ChIJjwzfVnO7fDURQ0m4WjHKtYU,02-2269-0654
ChIJQbMAjqy7fDUR_kJClNrwsjI,
ChIJPWSLH-ikfDURjnx0AyyTSOQ,
ChIJ9aOab-2kfDURnpTQ57MMPVo,010-8899-5174
ChIJP4PphiClfDURM0wbFCyNpug,
ChIJM0rKZVOlfDURM5H4bKfw6Cc,070-4202-1555
ChIJqbBgQielfDURl09mola8ARM,02-2285-7688
ChIJVZFIqG2lfDURi3YoemmIiMU,
ChIJA9GPp5W7fDURqayBv3nrsJ0,02-466-5665
ChIJQf_WGCClfDURMpUFl2NayBo,02-7567-1234
ChIJszFo6_GkfDUR7zLsUW7xZNs,02-467-5870
ChIJc2udq5ilfDURminKXlbnEBg,010-4147-9517
ChIJ-WBpciClfDURIXAoev0tYJg,02-755-0079
ChIJ_-YgBSmlfDURZ6N8wwBA7GM,
ChIJmb91BdukfDURbyBzo3Yqc-0,070-8870-4442
ChIJLfAnN56lfDURSfeKMUCo-nU,010-2951-8005
ChIJ3UYUcDylfDURmSO3sqdU-Sw,010-8662-5891
ChIJRZjdmcK7fDURT_k1K8taIHY,010-7133-1537
ChIJ3xDx3SOlfDURLVnFNmIRFck,02-435-2903
ChIJkzbqspClfDURvGEf-eROiyg,02-467-4468
ChIJyWqZevihfDURa-cDsftVRWI,02-586-1102
ChIJ-5JL-laffDURTrjEwpW2G58,010-9698-5111
ChIJLZFIcW2ffDUR0YliKc7yztU,
ChIJXQzsv9OffDURGrow93UTc3E,02-866-5508
ChIJSaMNNYaffDURtcClucf5h2A,010-9949-4960
ChIJ93ZAfeCffDURppFfAugVrws,
ChIJY8HD8xmffDURpuOmqgc9pvQ,
ChIJGfFuaFWffDURVUxT5JA9mTE,
ChIJCZv7UjuefDURc0vMN6sNHC0,1522-3232
ChIJS7pOySSefDURXqftDqwDqg0,02-6344-3788
ChIJD1I-v0KefDUR8H1DsyTMsKI,02-854-4620
ChIJi62PDxiefDURy0T19UlL7VM,02-858-4020
ChIJl4LrPj-efDURWczxpt2FDkY,
ChIJ5yLRXRWefDURmJbpRq2LrBM,02-838-8898
ChIJCRxlCySefDUR408wmwMlugo,02-868-2714
ChIJ12xLYCGefDUR0j-8sXGgx_Y,
ChIJseTEBvSffDURTUYJMTNFy0s,02-862-3216
ChIJg83BtDqefDURiuQKtGNInp4,02-2025-0255
ChIJG0xe6SSefDURaD88bi54_es,1522-3232
ChIJP0AOWECefDURD3uOaioRgUE,070-7782-2225
ChIJ1ZuQMAGffDURERQ8PQwo254,02-858-9782
ChIJQYsvzBqlfDURWUuAj5k2YQU,
ChIJe_zAsdthezURJc02Kp8hFU8,02-805-9908
ChIJucNeXHlhezURh4DyIssgKek,
ChIJgWRGgMJhezURWR-FhOTxI7g,010-2859-5856
ChIJVa3vX8VhezUR67DzzlbHtn8,010-4013-5298
ChIJcb6VTLBhezURNpdsyDOke5A,070-4048-0948
ChIJ_-GNM-FhezURc-66rlXHAdE,070-4633-2525
ChIJFRiBn6ixfDURLwMFDzYxnoE,02-428-1213
ChIJEyca8vOvfDURrc5aR9_RjvU,02-6015-8445
ChIJA5DRmf-vfDURjPy9Ku6XRhw,02-484-7797
ChIJh-Ry5mmvfDURHLvWVeQ-sbY,050-71310-2146
ChIJWb-Ki1ilfDURH0Cg_mVyVPg,070-4124-1041
ChIJ-0vqZFelfDURp07zzc0IR74,02-472-4164
ChIJW8_M-yCxfDURYMKztmddl2c,02-3427-0999
ChIJtYyDi_evfDURU8Q95rDzmjY,02-477-0312
ChIJdf_CL7SxfDURjILkVgtROEA,
ChIJ_Yd4gFalfDURg2awoAP_r5c,010-2590-2039
ChIJS41oPXmxfDUREfakcfOxOrE,
ChIJEUq1rLWvfDUR9OpwWC-zOqw,010-5261-7457
ChIJpf-7FBCxfDURzg_IqiLg3L0,010-9802-4456
ChIJP_6pQOOvfDURdkZJT4cJJrs,
ChIJha865FilfDURGei8lE37PK4,070-8157-7556
ChIJYTmKJFmlfDURXVTNuwa4XPQ,
ChIJg7Vk0AyxfDURasdL3IZU8eY,010-3207-3286
ChIJkapiwVilfDURBcMvagIZyv8,
ChIJT9rTQo-vfDURfCbItAbdAZA,
ChIJaTVRFLdhezUR1kcdwVYavDU,
ChIJKSB1fyegfDURgTdYcYURJhw,02-3285-6232
ChIJASA19clhezURaw1U0l09OP0,02-808-8484
ChIJkZMZwyagfDUR9JIue9fYLXo,02-6082-1049
ChIJcxBICwiffDURST4Hqh-46pY,
ChIJuWI1y7iffDUR-euFFvc5Y0Q,
ChIJiRkR4L2ffDUR2-_guCJXMLs,02-5255-0002
ChIJ859ba4yffDURf8sa9a8JFH4,02-875-1833
ChIJe6tql-2hfDURPXpGlUgnXQk,
ChIJJT8jLYyffDURO8e_yu0_dIY,02-6404-0815
ChIJg65EH4qffDUR16jpof8E82o,02-882-7522
ChIJG0z4hpGffDURha_JZfK40OQ,02-880-0888
ChIJfV73kTmffDURrC1hmKAWq_I,050-71346-0389
ChIJN4_uPbmffDURjUG8vrhuRGM,02-833-7890
ChIJ241XXCegfDURJR5eEloOhO4,
ChIJ91kAXZWffDURQW4dEnMzryE,02-889-5526
ChIJi0QHDb-ffDURxZFLiS3tzRQ,02-873-1795
ChIJiUmE4SagfDURbRlNAcrg2FY,02-878-0407
ChIJ1xeBr_RhezURY-bs4McedMM,02-802-1222
ChIJv0XyncqhfDURIQIHymAYC88,
ChIJ6XLNU9lhezURW5tJ35oeM3c,070-8639-2347
ChIJu0oICiehfDURISj-wl4MzJw,02-877-3791
ChIJqyBWmzOffDURzrAdTD8kNMA,010-2050-3809
ChIJ047RY7-ffDURQULZXdn08go,02-884-6321
ChIJe3ml4YOffDURi9imWv1WviQ,02-862-1009
ChIJfZUaD1affDURSVOGHyRdw7s,
ChIJ1wyuXIxhezURShDC-uHoRiQ,02-2029-9760
ChIJHWbfWdRhezURz5ofRaScjXc,02-808-3395
ChIJk-XX6nRhezUR8yGb-857JIc,02-804-2145
ChIJZdJkkUqxfDUR5c5qjND1UUQ,070-8270-9370
ChIJ92f8HLFhezUR5md6TfEN6Fw,1522-3232
ChIJ-xK4JV1hezURyP2rOQlZA-w,010-5441-8912
ChIJ42Q56yeefDURZAMyWCE_rYU,
ChIJrWD60ieefDUR1xzvNftKvWc,02-6339-6210
ChIJFYFtetthezURKRK2M6k9Pcs,1522-3232
ChIJH_CHXRWlfDURaKLH_uTPJUw,
ChIJg0p60HKjfDURL_e6EC5llyg,070-4256-2555
ChIJAVUtES2jfDUR8OekWDv7kuw,02-2291-5425
ChIJy-18ZVijfDURML443KJXA2I,
ChIJKRYY85CkfDURJD_RsPVRNDI,02-468-7140
ChIJIwHgGZakfDURfVecn_FfxbQ,02-466-9397
ChIJszKVS4KlfDURSDJcA8TaNDk,050-71334-1991
ChIJM-ivNF-jfDURoF3WfZsljwY,02-2291-2288
ChIJ6cRhCY6kfDURCAvdo70E1Xs,070-8711-3337
ChIJxZ6ShJGkfDUROO92Aw8J2h8,02-462-5122
ChIJnVW6aq-kfDURb2BY9q6v5s4,02-2295-3659
ChIJL3BvhvSlfDUR6N7DgNrQu3c,070-7642-1113
ChIJHb1ypJWkfDURb2d4XCjLluM,02-1644-1941
ChIJ8zoWNKekfDURbH6sW_eVdV4,
ChIJianBNHOlfDURHDZy8t1fNFc,010-9719-8707
ChIJAzF_IDujfDURVXWgLZVFSF8,010-9803-4535
ChIJ993jM5alfDURK3Yb1pmmBf8,02-6212-6998
ChIJQ_CjrZ6kfDURX0z5nXK90rY,02-2277-2004
ChIJfZAx-6ekfDURC1k-d1wwqyU,050-71409-9688
ChIJowIO7NalfDURMFqosYVPVhk,
ChIJMVc9_YuZfDURmKA60jCzhAA,
ChIJcQgK6SCZfDUReIewCGQQa5o,070-8794-7779
ChIJT7uDDfqZfDURf8lPrY7i8BY,
ChIJxe4eMgWZfDUR2MdTHThFmPs,010-8256-5536
ChIJ20TFCkuZfDUR7_2occb96K0,
ChIJ77ACOymZfDURd7xI9yGekxA,02-6080-8338
ChIJZRt79CKZfDURwxWzufbIlGw,02-304-4037
ChIJ25W8H-mYfDURKuyaIftL5BI,02-324-2017
ChIJUd8cNu-YfDUR_Vsq0gsUZO8,02-322-2807
ChIJa00myB2ZfDUR2KjijCqbwls,010-5230-7240
ChIJawRVHVuZfDURcOQU8N1NI6M,070-4827-5701
ChIJ-fOOyDGZfDURLJM99Gyln8Y,
ChIJVUabpJuZfDUR-WkmrUc7lXU,02-337-0011
ChIJaxJVUVqZfDURdKYo44n8WrI,070-4032-5310
ChIJ0Rk7lKWZfDURUVMJuGbN_b8,010-7543-5001
ChIJDSNJIyiZfDURa9oXkyhjPNk,02-6012-5158
ChIJK05lru6YfDUR22H8d3bQr58,02-334-0615
ChIJzw_eqKSZfDURIF8q6kq2sL8,
ChIJffaAMNCYfDURKAbLSqQIp_M,02-322-2257
ChIJdTN64pOZfDURGrgGGu-ql5o,010-8871-1467
ChIJaXtlR_KYfDURs4vcvYDRuIg,02-3144-0437
ChIJTefnKE2ZfDURLcv_6aYPNhI,070-8095-3641
ChIJIYnZU4-ifDUR9nz8l_wH97I,02-393-9516
ChIJHduZM_iYfDURfX6y0wrkzLo,02-305-4246
ChIJDV9BqxKYfDUR-dwbMUbr02w,02-394-2015
ChIJo-sP8RKYfDURztezKtZxN-M,02-6084-3434
ChIJSV8ope2ZfDUR7So20I3rcZ8,
ChIJQ176Z_eYfDURGZ7PTcsyRlQ,070-4122-5152
ChIJrVWcGWmYfDURMuOPd9PMw3w,02-394-1733
ChIJdVTFN2aYfDURL5HZPR58LdU,
ChIJNWv9cVGjfDURO2ZNgtZMYbA,010-2262-8963
ChIJd8ohUY-ifDURPf2R7hU7AOA,02-393-9266
ChIJVcibAGyYfDURG4pLgCG9IIY,
ChIJFQ-KEGaYfDURc1FdXgBgC8M,02-3216-8253
ChIJXVP4Ar6ZfDURwJJ24g1IQes,
ChIJH-mu47OZfDURMZ6T8NulbHM,
ChIJET18Gc6jfDUR-9fq0C1djmg,02-363-3519
ChIJD7fcsoyYfDURCjeN-lk-IB4,050-71311-3541
ChIJ2alnDPOYfDURL-TxS2ONkRo,
ChIJ0Wi1BrSjfDURTIjRQzAukxs,02-5584-3509
ChIJR-PSg6SffDUR-Gla_QECWyg,070-8870-6309
ChIJy6s5yCWffDURBG75l7wCfB4,070-7756-0596
ChIJaxhqsGeffDURw1sVijAJN_U,02-821-5241
ChIJMYwzXaaffDURVTf5HU3nA_M,
ChIJOXJoDqGffDURnYRwsnOExn8,02-815-7785
ChIJA5wvmXCffDURITK7TRLXzgs,02-815-4525
ChIJ6_YDN5KffDURZzcQnPSHDXM,010-7747-8704
ChIJ83veU6CffDUR7iD3B2PgTII,
ChIJC-uRjmSffDURlqXhzw3dF3I,070-8846-6006
ChIJs4J_KFaffDURKlfmjWzPdac,02-6959-8888
ChIJ3X0zhoeffDURrj4KoIh-gWw,02-3280-8779
ChIJcT9wbK-ffDURqmyJAbKD88Y,02-813-1288
ChIJCVjj97ShfDUROMc7lmqwk-Q,02-532-3558
ChIJRSFlFWiffDURfxjuU9neqHg,
ChIJhynBiLGffDURShaxqq3jB60,02-815-3025
ChIJHSBWqgqffDUREOuyH5WBXJI,02-3280-2349
ChIJH1yck3SffDURDKC-E4CP_mY,
ChIJUWBQ8tWhfDURvaguRkgrVjI,010-5049-1013
ChIJsa_GFnSffDUR_D9agnUjdWo,02-816-7945
ChIJuw6YeKaffDURNr8Wiw5lFsY,
ChIJkYaqs0q5fDURzQ-fvkiU6vM,
ChIJ9eDdITy_fDUR4f0iJoJgTq8,070-8878-3585
ChIJxxUOqza5fDURhyrFdHtSTgk,070-7670-1183
ChIJUYTjVDG5fDURT58pEnKBdoY,02-955-2123
ChIJLWWM8am-fDURPngOvp8DjOw,02-900-8288
ChIJuVSjEta4fDURySY2xBk7hyI,02-955-2296
ChIJN3OcJ7S5fDURaNQ8yZTvlq8,
ChIJ87_c1yu5fDURdwub9sj2_2M,02-948-6900
ChIJhbvaqdi5fDURCjspNDLCPvw,010-4820-9410
ChIJd9eqRQi_fDURYFgCzhisTg0,
ChIJt3-YHNS_fDURoYss7kkaBDM,
ChIJ3UvswzK5fDURLWWkSJazF2Y,02-956-2881
ChIJqVpyJTW5fDURjGTFSMT4MdQ,02-954-5553
ChIJmR4VS_O5fDURasxfXN3uOf4,010-3717-5317
ChIJb1yBzzG5fDUR52KRDbx4Bg8,02-2135-2021
ChIJTyZ2Ag2_fDURcEqGNVxBM-k,
ChIJjdzwSDW5fDURg8BkTj1w5pE,
ChIJpzmtMO6_fDUR5ZOkOteOgK0,010-4955-1759
ChIJl-gY5ni_fDURH1AsYEkVnHc,02-2088-0504
ChIJ-xca01e5fDURQcrn9YSQdb8,
ChIJ16qr63WlfDURatLjZuxoMow,
ChIJ6eFVgaOlfDURfJJM7JXshhY,02-2042-3939
ChIJuUGkZMqlfDURhyCbuUAhbUI,
ChIJvzcQr6SlfDURff-ulzXbwv0,
ChIJZ-c4thelfDUR8zOQkR7ntjw,1522-3232
ChIJw4KaK4WlfDURZbVJK6fhIPQ,
ChIJUcmDFSGlfDURt-yUm-6EucI,050-71362-9377
ChIJ30Hs5HWlfDURWiUg6TZQ85c,02-421-2221
ChIJu7te9vSlfDURKwDnmRHWAII,02-2088-7789
ChIJvfx3M72lfDURZxS76aYHFNs,02-6000-6722
ChIJoSFxF7KlfDURo9grb5wFcTw,02-416-3379
ChIJcWCSan2lfDUR4d1-eRD-qB4,010-6239-6289
ChIJw7_SyhalfDURgUlzQcKewE4,050-71350-0934
ChIJnZYAteylfDURCChGePpbcog,
ChIJZ6t-MJylfDURrl1GqRyi4Fk,02-514-5994
ChIJ2-ncQ4knZTUR30F_zf-UpBk,
ChIJ9bdvRnGlfDURo2wVJf6xXy0,070-8886-4434
ChIJ0704VuGlfDURO_JrSGFKRbg,
ChIJI75o8SelfDURIa7CrQkpuLw,02-421-1252
ChIJp7RevYilfDURXegjbANJX9M,02-448-8810
ChIJpeFmJeyefDURuVZ5lYcYWpY,070-4130-0715
ChIJtR523UeefDUROUqIZ02bt7g,02-831-6578
ChIJo0bh3-6efDURnfcOvVr2Teo,02-2069-0612
ChIJNXGk2OyefDURWUVex80Rpc0,070-3699-4200
ChIJ1WuEN9effDURrz5bgOPyK24,050-71331-6246
ChIJ6y_c-5SffDURNXbpLFrWhF0,
ChIJ9Zsf-9SffDURLJY5ZxTKHZM,
ChIJ9X1NXMGefDURLV6bw-g-S6s,070-8866-4385
ChIJhW1dU-iefDURqVClk5-vhWg,02-2668-8043
ChIJLb-sfeSefDURAyvzoiRPWf4,02-2636-4565
ChIJ2basGfyefDURsVnKJE7AXsA,
ChIJva7vv_SffDURP7g1tdd_zAo,
ChIJo3J2n1GefDURvVCIK3KGhWk,02-831-0073
ChIJ07QXv7GffDUR-x3Enfoedp4,02-2636-0724
ChIJsYLOlu2efDUR3WjZlL0wEWw,02-2678-4680
ChIJPyxbe-aefDUR_H3-9r6fXTY,070-4269-9970
ChIJzWKFgWKffDURihS-Mav_lxU,050-71320-0373
ChIJtZDUHXaffDURn8VDHLg0nxc,02-6081-1006
ChIJ83tvWvuefDURQwWoLrHArsw,02-2675-4565
ChIJSyqIKlihfDURrCdXo-YdVwA,070-7716-9524
ChIJ6YNYyf6jfDURl5TPB-vWI1E,
ChIJn5BCi1ihfDURTpPkOXTNZ1c,02-539-9406
ChIJUS1d_XKjfDURihTqcjvlKKM,
ChIJ3aA4GHGhfDURpA495oLjKXc,02-6439-2122
ChIJBUR_qAelfDUR08No0qR3udg,02-6002-3433
ChIJK1UlLm2kfDURGzBvwONRlBI,02-517-5072
ChIJYWfk2-iefDURwVksZGFUdJ8,02-2678-7768
ChIJOfEyCF2hfDURwD9wt26FfEM,
ChIJk44pR3WkfDURY-P1c_Ta6RY,1522-3232
ChIJnXPyPXWkfDUR6lTIsAHeAc0,02-548-4883
ChIJSe7LDvijfDURIZv4ycbaa-o,02-567-8821
ChIJb4ElfVChfDURgd57gWNMTAg,02-3288-1782
ChIJszwNK4-jfDUR955HO4qSsCw,02-511-6492
ChIJA-sRCo2jfDURpdGR2qgvjTM,
ChIJqyXK54SlfDURQwqNGZC6oxc,02-557-6011
ChIJpRb_KOShfDURw2Yma22AIE8,02-6250-0925
ChIJe8fQoYqjfDURUqmU76mL0tA,
ChIJ29r1k4qlfDURJ8pzoOr9ayM,
ChIJ753azC6jfDUR2UUYwlh4N1g,
ChIJe_qZ3fC9fDURYGNnsOct3nU,
ChIJtbvr9cS8fDURfuCeraAyovo,02-446-8387
ChIJH8XemO69fDURnds2s3zoOxE,02-929-8127
ChIJgZ1udSW9fDUR33S2o8yaDOg,070-4085-7003
ChIJK_JvR8i8fDURuTkb_y1FJ8E,070-4155-8494
ChIJ4w-5Mte8fDURBkagrESAZ-w,070-7594-5139
ChIJhbDwrCm9fDUR3VUU_XLVHDY,02-764-1736
ChIJi7v5FRC9fDURTh9NHP-h0v4,
ChIJ22oF_Tu9fDURczvJ2aCeJwY,02-921-2694
ChIJyapHEeu8fDUR6qRzeQKy3fk,02-6402-0018
ChIJtb7NB8a8fDURblycfWppPT8,02-761-3333
ChIJJXRHZbG9fDURJkhM9J6ziCc,02-923-4197
ChIJ8197S8-8fDUROVHU4zIt2jQ,010-8856-6692
ChIJSX0Is_O7fDURAMnH1Zxbo40,010-5464-4747
ChIJ01jllFW7fDURUqcjURF2WYo,050-71359-4250
ChIJFwFMd7i8fDUR2n-v62h-xek,02-921-4800
ChIJ72L4uMO8fDURiJvEmmKwEV4,02-921-3614
ChIJ774Ac4G7fDURBoaJFjBVqgk,
ChIJJx3zGvajfDURM3lKLcIVW_4,02-543-0486
ChIJI3KJnNG8fDURA2XZEhEghAg,02-765-5556
ChIJp3Rt-wy9fDURs-c0y0agwII,02-6368-1109
ChIJIxL9X9-4fDURjnvt3mK3blQ,02-935-7149
ChIJHyuGz8-5fDURfrAVf-JJbB4,
ChIJ3RF7s8G5fDUR38-fd7zvrfc,
ChIJE-RUkRS5fDURRKPh2AqMVhI,
ChIJlySLG0C5fDURnHs7lhnm6HU,
ChIJpZvNR0C5fDURSG7Ngt20tPU,1522-3232
ChIJRwKrXRK5fDURH5EdehUZ6zw,02-934-7942
ChIJJwVNuz65fDURLN529fAedgM,
ChIJ45sYx2q5fDURSaH6XKv1a3Y,02-936-2618
ChIJhWYrqkG5fDURcSYMn0_2njM,02-930-7373
ChIJuesjCgW5fDURVaV42RM-U80,010-8780-3188
ChIJIS8l_2m5fDURqfnZkTdpKwo,02-333-3333
ChIJTVXX-RS5fDURNv5HfLfYHwc,02-997-9920
ChIJpzib6Q-5fDURpkKJrLJkHXQ,
ChIJvxodSqK5fDURmX0K6ifKvrU,1522-3232
ChIJp_AGbHa5fDURs72itbav-Xs,
ChIJjSinua2ZfDURF2dW6gBmYbg,
ChIJ1_Dy5TyYfDUR3-Hs0DllOhA,02-352-1433
ChIJGTy0xi6YfDUR4r_HP_m9JMY,050-71343-3914
ChIJAeC2r62ZfDURVi4e4JoOhWQ,
ChIJb1i-clKXfDURBYjUxVb_ed0,
ChIJ_yr7kEqZfDURSn0yOekoO4I,
ChIJ1yhfvTOYfDUR7Moq4M1kq48,02-336-3333
ChIJB462sKqZfDURl_3QI83CurQ,02-356-6301
ChIJ4Q9u_xeYfDURIV3gLJbrKcw,02-462-8501
ChIJBdnTBSSWfDURjUL8LXvQQAw,070-7378-7865
ChIJ3_4FYzqYfDURr5ROV87gLHE,070-7322-4561
ChIJvxbaeACZfDURf7jKzJqPQbc,010-4351-2804
ChIJ_XqT7VGZfDUR8RlJ-zQs9IY,010-8984-0923
ChIJ_zUc2bKZfDUROlrApKdDS3M,02-6403-7793
ChIJqyV7zPuZfDURINREz2IG3Kg,
ChIJm2AmeLGZfDURwtTSQ7o0IRQ,010-8315-1250
ChIJPZj2IIeXfDURNXay4Qa68jU,02-385-2846
ChIJD6qP_8uXfDURmcN6GJVDRMc,02-355-1111
ChIJO6gAgjuYfDUR_zzcGk02E3E,1522-3232
ChIJmbApTRW5fDURk7YwT5me1fw,
ChIJUaoE2hS5fDUR1lFiwPimY1s,
ChIJszv52mq5fDURNmvvmebdnEA,1522-3232
ChIJSTrq1j25fDURbJ1Tj-hhAJM,1522-3232
ChIJtRncoxOcfDURKZYuLbU-vA0,02-2606-7934
ChIJkVpyJV2cfDUR42VlwATs6rs,
ChIJd350A3KdfDURuKOzHXktlxc,050-6101-0933
ChIJ-b3q8DOffDURUdoniJrPagM,
ChIJSdEH-zicfDURWXqourpT1Q0,02-2604-3508
ChIJsxlSJgmcfDUR49m1_MuX_Uk,070-8866-0415
ChIJYbXswXGcfDUR37o3RrGiJHw,02-3663-3595
ChIJ1c8w03GcfDURQXQR9gLY-ok,070-7792-1325
ChIJqfl1WW6cfDURA8M9mgSxF-M,
ChIJU4OJJm6cfDURxLBlnZjX6uU,
ChIJxaoI9micfDURl3M9Y2r6_78,
ChIJS1j_GxedfDURACiyRMohGSo,
ChIJ3fYHXBGcfDUR9IvU-Epe9IA,02-6052-0058
ChIJRTx_fhOcfDUR624xoL3UjnE,
ChIJhUS2MhKcfDURUEFqHZY4taE,02-2699-7462
ChIJz-K8KjC7fDURUv25LvtR16k,02-2213-3979
ChIJs6-lB4q7fDURzIZd9E-PzBU,
ChIJHx0m01W7fDURO4PuwsiVoD0,010-9177-4147
ChIJPZNGABm7fDUR8v4MdvtbPc4,02-6014-0770
ChIJS9GHoUS7fDURZ2KxgYRTEfo,070-8875-0102
ChIJ4z0JfBi7fDURCsXlj6uxqZ4,02-2215-3913
ChIJEQwnszy7fDUR43NGEcqawgc,02-2213-7057
ChIJGYsKy0ScfDURtk83X6lLTX0,070-4125-1140
ChIJHx90tya7fDUR7mhT68JcdOA,070-7543-6321
ChIJ101DrYKlfDURPlm21lwHk7E,02-6953-8892
ChIJHT2PjVK7fDURsDXUfk1W_ps,
ChIJW-s_BTm7fDURh8ZCC9SZeOQ,010-4915-0503
ChIJNepG2le7fDURoudqrLVrv5s,02-924-5556
ChIJ714PyK28fDURnAeE5OvbHBE,02-924-2230
ChIJ46sz5FG7fDUReALyo6dKVYE,
ChIJKeRywcC7fDURf7KY9UUb6_o,02-6015-8118
ChIJu46lr2-7fDURYzyJtSsFqYc,070-8117-3851
ChIJV_8zB1a7fDURTRy8WPMX2uc,070-4001-1117
ChIJg4oz7bK8fDURTOlV0AXgB5Y,02-927-5444
ChIJ4wQnGqq8fDURlJcI2D2TX2o,02-966-3259
ChIJ38CMPEa7fDUR8MMvL9-tQLI,02-6015-3085
ChIJp21x9tOdfDURXnyTV9tN7NE,
ChIJI-StHIeefDURnLkB_E84EoY,02-2061-6643
ChIJB_C878-dfDURegWK_Ugzwzw,
ChIJQxza9dOdfDURpVyxmxrWdAc,02-2654-4293
ChIJRYw-F8ydfDURFLWodoWbuLE,02-2606-4586
ChIJeVyTG9qdfDURzOCvFk8tQDY,02-2653-8209
ChIJZy51lh2cfDURDJqhJ06N3es,02-2653-1253
ChIJM_QLRdqdfDURTJq37pPzTfQ,02-2062-1859
ChIJdYNyfmqdfDUR1RMrQ4Fv0sI,
ChIJbTABxoSefDURFjN1d-tNbsI,02-2062-0315
ChIJXyJHS9adfDUR4NwmqSpmCrM,
ChIJYcpsjNSdfDURT7s1EkMMLJY,02-2607-2063
ChIJVZkEb8OdfDUROT0GJ6-3Kbw,02-2608-2777
ChIJbxmm3X2efDURACjS-jzUwu4,
ChIJUzdaD4eefDURXFUw7ywa9z8,
ChIJ6cShjTudfDUR5GsYxK6xcSs,02-2642-8087
ChIJEQiBj9SdfDURN5urdGHMNpo,070-8780-3402
ChIJNzNOgkiYfDURKOP6erZvEt0,
ChIJ_bTGQpSdfDURbmo2RP9OLEA,
ChIJMbXXwdSdfDURyKrIBhaV_LE,02-6489-9345
ChIJea3s1xG8fDURMQJcQfdfyOA,02-915-1096
ChIJXTuqbTK9fDUR-aZgmUg_BHg,
ChIJKy6USRG8fDUR7m0Mp3WaA3E,010-8356-0110
ChIJ78Qkc1u9fDURYHeWn8ZxIJw,02-999-7455
ChIJKYkPpRC8fDURfSzx8vDTUy0,02-908-2325
ChIJmwuT7Bm8fDURA3nan7SUTMk,02-903-1810
ChIJiUnV6Gm9fDURry_nSh9J7AQ,010-8526-7847
ChIJ_51WlT28fDURTMp30rkr8xg,
ChIJRRfDQRu8fDURr8KVWoJ3Elc,02-999-0963
ChIJB191e3O_fDURv77dHrNDROk,
ChIJoeaHrg-8fDURvb6FMEuMrWI,
ChIJ4cy3U2m8fDURB1iBjxnaXKI,02-984-5188
ChIJoVtMSJyjfDURRFv_vsJVqwc,070-7543-0598
ChIJ1_-bFl68fDURqAR3YRn2uxk,02-981-6232
ChIJvaIPdRC8fDURITQ4u4E4I-g,02-990-9131
ChIJfUyrgpm-fDUR7pT1VzvXM3w,070-8843-1401
ChIJmXC1xm-8fDURqe-0qvEDFS0,02-982-7778
ChIJVQKQbxC8fDURnSiKfUcDsfQ,02-3015-1173
ChIJhf1UEuOifDURW_IeO1XwERg,02-6439-7852
ChIJxwNxsgW8fDUR0JT4HDq91Qw,02-900-2480
ChIJJWAL-eijfDURcXudQzrfzCc,
ChIJpRpwaBG8fDUROLBONnKt5PE,02-999-9990
ChIJfZqfaIuifDUReFZ1X4cRuV0,02-777-7557
ChIJxdb92e2ifDUReNYhzU4ZDYo,
ChIJ--de0OWifDURRiIFHBeOTys,02-2269-9399
ChIJya_5Hh-jfDUReoH6J-AmYuY,070-7722-5660
ChIJV90-6PSifDURRxosagNn5uM,02-318-1133
ChIJfzIV51WjfDURusGhdxhr50k,02-2275-9050
ChIJiedefGWjfDURmCsw8X5gLz0,
ChIJlXCfO-SifDURZ8B2mlZBTCA,02-2285-4854
ChIJE3t8pxGjfDURLXDrcxIpWSM,02-2236-5533
ChIJE1YYSg-jfDURRQxb6GlsBMc,02-2272-0528
ChIJJ9wM8OSifDURNT9LoZ3Rzjg,02-2285-0907
ChIJjTXcK_uifDURdqO9jON0C3k,02-2277-0872
ChIJyUI3-jyjfDURSEhiom3AV-8,02-2153-0777
ChIJ17iBhmCjfDURIZcozzjZoZ4,010-9585-6820
ChIJScLmjx6jfDURrbc8Pj82WFk,02-793-6233
ChIJ21j1bkqcfDUR6tkhaMSp8Mg,02-6407-1568
ChIJn5JFtoKcfDURdHm4juXcBPU,
ChIJ6z2imKKcfDURGFiqXAa8FFg,02-2665-4507
ChIJWdEo-vmdfDURpgOLvC9IWXQ,02-525-5555
ChIJYUGH3sGjfDURfI5Dwd0ZNsY,050-71386-0331
ChIJv8pAfwyjfDURBQRZnfH9Y_E,02-763-1112
ChIJY0q6SQ6jfDURNWdvuJcDDV8,02-6370-5811
ChIJwXaz8-uifDURkwM24_2UNbo,02-733-7773
ChIJ_SM6oCSjfDUR4Z1NnkLKpIY,
ChIJGbdjMuaifDURPLTEbLqnhvM,02-735-0349
ChIJCY_Rb-yifDURchqRrd3iS6M,02-764-5150
ChIJtbLIqbyjfDUR8UlMo8jrct8,02-6281-3977
ChIJIbyC1tuifDURJ6kocWtmK6s,010-3306-6575
ChIJ5-sh-0SjfDURxC7nE9BLS7I,02-2251-8010
ChIJbbdxMwyjfDURti-YsROdSCU,
ChIJQxPmOuqifDURxgpYTfchtQA,02-6093-0011
ChIJpfulTeeifDURE7cet2cYQy8,02-2265-3690
ChIJv0RPIpejfDUR5L08mqDb5wg,02-2266-1989
ChIJkTmh8OiifDURvVD7FTVZUIU,02-730-0710
ChIJ6WH3U9WjfDUR9JkvjBhxzfs,02-6744-0120
ChIJT_Y71yCjfDURRhgoT5RYMAY,02-7448-8460
ChIJI9nMLV2jfDURP5JDo7CTHyI,02-735-5865
ChIJAwziniucfDUR1xE-BcOMVyo,
ChIJTxUMyTq8fDURYWK1381g4Ck,02-978-6481
ChIJASBO4Xu7fDURlLiZQz4Z9xc,050-71324-4143
ChIJhaXFs_OlfDURT-GM6QkiHyg,070-7799-0097
ChIJj1-EseOkfDURFdLKQtjF_FU,
ChIJQSdWdSylfDURs27Ectjm4lI,
ChIJ5zi1GOCkfDURbAi6peLm870,02-447-3231
ChIJezvXzyClfDURaze5TJjYQxo,010-7449-9149
ChIJg5oj6ESjfDURl3hlpznxs00,070-7677-5538
ChIJi5tDPDWlfDURmpi8FlpCU10,
ChIJASx6uyilfDURxCpMZ-ooWNM,
ChIJFfn8bNqlfDURljuO3OzP5Vw,
ChIJm-yTJ-ulfDURM1tPaCOWS0Y,02-455-1170
ChIJ02sb_SKlfDURbwfQCzzjkZw,010-8767-7711
ChIJvxeyjFKlfDURlJyttoi9l38,02-6405-5068
ChIJOfiLg9ukfDURUYsP6rbQWXE,
ChIJWZqrI-GkfDUR1zLkbx9XiD0,
ChIJm69LM4ilfDURMB2KE79tCxY,02-512-0589
ChIJRWz9JPqlfDURlAozc1mJ4XY,
ChIJmVL88dSkfDURF_aWNzl6BL8,02-3436-1988
ChIJofSV1-6lfDURVj-q5Isk26k,070-4202-1555
ChIJ2TaZSGylfDURoDyk7w_INy4,010-8475-3737
ChIJrUm31dSlfDURu5uTPZs0jUI,
ChIJcc7F6kWjfDURxdmXm6yXp9g,02-6952-4170
ChIJm7hDt92ifDUR0YI7AaQYLvo,050-71331-7567
ChIJ9eEp-tuifDURdNDLvM6aSFk,02-747-1986
ChIJHXYbJmihfDUROjOLB7UFdcE,02-6223-7027
ChIJe2IjU3uhfDURCQuEsTA5KV4,02-6282-3212
ChIJWxd4Qz6hfDURqDd46ZZuwSw,02-521-9950
ChIJI11TLUmhfDURN5SGJsiKrjM,
ChIJsxUPzjyhfDURXKdsdbs-qVI,
ChIJY41KlmmhfDURy-e7QeOBywY,
ChIJ42Lbfm-hfDURXPl2PU2dXNE,050-71330-3016
ChIJ17OUIk-hfDUR7Us04y2FODg,070-8843-5058
ChIJr4MPrrehfDURWAyDlHHWCq8,
ChIJ0bzwkqahfDUR-s4NSMHt6uI,02-534-8180
ChIJLc1B4UihfDURgB4Od3xwhEQ,02-583-0883
ChIJWf0_Uz6hfDURkHVMBYhC9r8,070-4400-5501
ChIJe0XuAE2gfDURkICtbkmS83A,
ChIJD-PMF3KhfDURWXYaRqMygfU,070-4015-5314
ChIJ07-dM0-hfDURthPhcIuWMS0,02-7129-7316
ChIJd2ExjmyhfDURST-IFgxf3xc,02-2203-0830
ChIJj6vRQk-hfDUR4E4PCVGXvRk,070-8699-9589
ChIJs-dinkihfDUR9yjtqG19LAE,02-6396-6750
ChIJx882QIihfDURWjyAOj8Ql7k,
ChIJ2U6YMkmhfDURVoe5hjGOyVY,02-523-8841
ChIJA2Cyhnu7fDURCUa8ADpkeA8,02-3421-1440
ChIJRUgrGV67fDURsj93QykM4Wc,
ChIJxWpbszm7fDURWkQ1nuyYeDw,010-7119-3263
ChIJ7VMcg8u7fDUR77n7-fg4RKw,02-977-1819
ChIJZbnMGv27fDUR02jtR6sJdLw,02-6951-3648
ChIJEYMvNLu7fDURoNAUX9jVoOQ,
ChIJ82eLrVq6fDURJ_2FC09-rYM,02-491-1025
ChIJ52rJUcy7fDURC36PV8iqW94,02-6014-3157
ChIJuxHfBFS6fDURrOeFZqMPfP8,
ChIJoxR29Te7fDURtmofpclLZpI,02-6954-2588
ChIJf2Fe-kS6fDURab3hFs3zNPY,010-9017-5463
ChIJk3tHMVe6fDUR5e3jaKQvgiw,02-3421-3522
ChIJpV5gz026fDURK4I7U9piZGY,
ChIJzWG16FO6fDURKxL6PYPBGQA,02-433-9026
ChIJnZVurMC7fDUR3NM4HhZMg_0,02-499-6619
ChIJDcAz4gW7fDUR9q3IrbyXgVA,
ChIJcxniEYe7fDURoQ2UNbEDSoo,
ChIJgTaOK3ehfDURWGYwkKrCMH0,
ChIJxfO0U4yffDUReP_cFY3jiDY,02-3285-1290
ChIJRyGEWIqffDURgUyKRHtb6lw,02-883-0125
ChIJjWeLCE-ffDUREuA7BPblB3c,02-838-7979
ChIJ4f8sDJGffDURkD6KYQgd7EY,02-6101-8522
ChIJbSrPDYeffDURgKuUkUtZrz4,070-7633-2971
ChIJU4jTn4mffDURWiGni1c6Sx4,
ChIJTwFBag6ffDUR0YaiZOWTj0E,070-4177-0785
ChIJoTNQOCegfDUROf5gUMqMCqw,010-8807-2285
ChIJq1dfZfCffDURN6HlZ1-LXX4,
ChIJXWCt4GmffDURfM63HaoZTh0,02-6082-8252
ChIJyRpbLMyffDURmAA78a4XWAs,070-4194-0771
ChIJ51VL3CagfDURTytnFPW6KNI,050-71396-2829
ChIJ2dk88yagfDURobOcA8QajaY,
ChIJP6OgASigfDURgS10tbHmMzE,02-877-5859
ChIJ8fZR412hfDURKAhQa5LJmFM,
ChIJ75I56SqhfDURFkTdh2i8MBg,
ChIJh9CzbAqffDURUky9wvlBdEI,070-8860-7765
ChIJkS8JrjGhfDURCLdFmUr8XGc,010-3690-6711
ChIJcQpNtiagfDURkls5kjnsYHI,010-7979-5930
ChIJWxziMFS6fDURv2dc26VSv88,02-433-8855
ChIJdcQ8ZES6fDURT75N6pqJNbQ,
ChIJd0HUUQu7fDURSwBjSnJR4G8,02-2209-3737
ChIJ1-wV2PmlfDURja5TCQilQnw,
ChIJ0xb62xmwfDURLdiHr1khWfo,02-477-9878
ChIJiVqDIkGvfDURZ3qyrxWaLdo,
ChIJHfCRURSwfDURgVIfAN8viHY,
ChIJ8xF4hDuxfDURqIVst753Uh8,
ChIJt5T9pfqvfDURkgXCmldBVGQ,02-485-0620
ChIJvb0uAI-lfDUROZXo-6oDyOE,010-6652-6066
ChIJyQxeulalfDURko5Vlkps8QE,
ChIJCfbBJ6avfDURK1t6tFTL2j4,010-5057-0884
ChIJzRa0P4mxfDURMT9eOA71ef0,070-8838-1100
ChIJSSBY56OlfDURfZ_HcEPEut8,02-6084-3317
ChIJa__q5f6xfDURH4cAFyN0CEs,010-3923-8074
ChIJzXn6rB6wfDURiF2e_NUgcKQ,
ChIJW6ZOSmCvfDURHfLsfu94j2I,02-6377-8333
ChIJdU5WenilfDUR7jxn1fFQJ7M,
ChIJ0VaQW46vfDURNq9c6DDhXw8,
ChIJR6h9FlmlfDURxRk9xaesYwE,02-474-2070
ChIJL6vlvJalfDURdKbQrmXo9z8,02-473-4882
ChIJ-6HNH0GlfDURgyrKMa-FlM8,1522-3232
ChIJG8K2MeKvfDURguIaA6EqZvQ,
ChIJ5-5QVxijfDURLlWohX9jVeE,050-71359-9208
ChIJFRQTV96jfDUR6MpjbeURakQ,
ChIJXYu2l_2jfDURZ_pgaH_OEiA,
ChIJ8a8dmRyifDURE7p3KU_R73E,02-792-7474
ChIJT-E9yP6hfDURbb7Rj9xs_nw,070-7755-5052
ChIJ2c8UxxOifDUREJkdh4bc1Pk,02-6013-8020
ChIJSSU20ByifDURZMMBoSnVLb4,1522-3232
ChIJVcfosQSifDURkANkd781xus,02-2012-0701
ChIJnVpWbrKjfDUR833pH1GoVko,02-2012-0434
ChIJZVnKBEWjfDURAn6WRGsY9rA,
ChIJmZazMCCYfDURfnjV4xZzgrE,070-7092-0012
ChIJpREnTqWjfDURlfmrJnT_1rU,02-749-2322
ChIJdakF_oqjfDUR2ZxQXdbVGUQ,02-797-0747
ChIJ5xn0l5qjfDURfN9meCgOMew,02-798-9008
ChIJI6T8ZOWhfDURDm3m0sp28lI,
ChIJ1RJIJoCjfDURXkOVV8fO8p8,
ChIJw_bGZ2yifDURHgbHw5-PSZo,02-6338-7044
ChIJZ5hAcVujfDUROp-TOg3t3X0,010-3405-0029
ChIJO02MhY-kfDUROYBj64Mv32g,070-8866-5300
ChIJldOMtU-jfDURouqpC4OlsOw,010-2543-7787
ChIJm_OTKpykfDUR38R-h3_qmsQ,02-465-0415
ChIJQQ5E2H2jfDURITAy-vPI1AY,02-6084-8996
ChIJ22WVDnKlfDURYmfyYF8KXGU,
ChIJuSGMlqSlfDURfUDGUz05-NI,010-9116-3695
ChIJXeHRulyjfDURmpmJKA-03fM,050-5550-0515
ChIJKSOEW4elfDURYrcjopZxcxU,050-71395-1025
ChIJKwU2rcWlfDURDEfgsWQTSzs,02-499-9100
ChIJJ-8ADZWkfDUR3YNrMTS2uUQ,050-71417-6618
ChIJ7WLekFmjfDUR39YzwSgp0fU,02-2281-1152
ChIJp7QhBJSlfDURC6cS4qvJIOI,02-6338-7005
ChIJmaXuCoClfDURjOyeL5Gupbs,010-8386-3657
ChIJfahTAxKlfDUROPAyPVGjEak,070-8830-5994
ChIJwe6E_w2lfDURF52x3f1NwRY,070-4103-8888
ChIJCTL2zAijfDURYirG2yde0Co,02-2297-2486
ChIJbwZi3CmjfDURLRYd6gZaVlM,
ChIJK5DnkaCjfDUR0XerYlaIWnw,02-2299-8057
ChIJbTmJ_2ulfDURbkZQaNKLXRo,
ChIJ43wDeyqjfDUR9wYlY4iBd-o,
ChIJT7wCXxGefDURiAd70rCoU5E,02-569-1002
ChIJGQF_A3OffDURvkOkeNb41RA,
ChIJS7pOySSefDURjarMhzm_MKs,02-3400-7692
ChIJ281iHySefDUR5JYBW2-3o6M,070-4200-4921
ChIJt5C6WhWefDURIsNQu04v5bc,02-843-1598
ChIJ4-Uoo2mefDURyHrHvjorpSQ,
ChIJo1MwZCOefDUR9XkIifNBH9k,1522-3232
ChIJBQxTdwWefDURfAQGwfjKp1U,070-7743-7942
ChIJX_uSC2qefDURk_kDh4lg_dI,02-855-7155
ChIJ-zYVGDCefDURdu-7mIsdVsQ,
ChIJDdJPcyGefDURURDX73ymUzI,02-851-2795
ChIJm3h11zCffDURyr6lWgjRp7A,
ChIJ7Wavs7iffDURqXz_5rMfZ4I,
ChIJ2wjEIzuefDURkO48wWV6jJs,02-2082-0350
ChIJJUani0KefDURZ0qZGEFWhpU,02-6369-1239
ChIJM0OSqZKdfDURfLHPNdA85Oo,02-2616-2343
ChIJiexlGSOefDUR2fDzk4VfJTQ,02-869-1777
ChIJISBa1WqefDURgN08wmpFTa0,070-4064-7225
ChIJvR4FRkKefDUR3pf-oOl_IWs,02-466-0060
ChIJm3-uS2WhfDURRogOgwnQkmM,
ChIJkX0_UzWjfDUR_Ep5P6LFxtY,02-790-6275
ChIJY_UKPRaefDURDg__w2Q7-LI,02-865-5777
ChIJXU0aj4JhezURxg1-6zrxRK8,
ChIJVU01zimefDURaax-r-w2J6k,
ChIJIZqkndlhezUR4symNX46WRY,02-855-3588
ChIJT9Htr9thezURmlxeIvoeArs,
ChIJoa427bdhezURx6UqpvearUo,070-6276-5377
ChIJW-9poh2efDURMnp6wC-j_oo,02-853-7203
ChIJ0Tezj-dhezURvsdww8bDl-U,010-4123-1413
ChIJzza5ELdhezURNOGOe4e-nOE,
ChIJjzC2hrthezURK5P7QAL2XNM,010-8705-3530
ChIJNd9UnOlhezURo4BP-kEwbE8,02-6954-4441
ChIJ56QrdEthezURSn4RRutsZ8k,
ChIJz1bEzNthezURkI04lAsVhDw,02-866-1284
ChIJlUMR2MZhezURotrzRJ1Nlxc,02-807-4782
ChIJZYmlHjhhezURVzdqatdCaL0,070-8741-6383
ChIJjwmf8kpgezURIMhJA_qPWL0,010-8478-0015
ChIJgWZ3A8NhezURLY26ghUGMvM,050-71313-6418
ChIJczJtCyFhezURKQmPgPmw_5o,
ChIJu_jqItNhezURH93IurtikIU,
ChIJv6VIhc1hezURalCjZ3Sh-OY,02-6326-8180
ChIJq3oKqFhhezURIhMOTOM461E,070-7543-1300
